id,user_id,prompt,created_at
2451bf09-d297-4b79-a03d-988d2cef6b37,c5f2af40-8812-495a-a853-91ee913b2cbc,"Sông nước
",2026-03-02 23:47:51.000000
a570f531-7eb8-4a2e-811a-035ded3c099b,0fa2cc81-0478-42ae-877d-1af01555e848,Lá mùa thu hà nội,2026-03-14 08:06:36.000000
5cf60c91-525c-4389-abbb-e0dbee3b150f,ccd622b3-79f0-4f4d-94b1-73d73fecf32a,"gấu bắc cực
",2026-03-07 09:43:12.000000
bd98f6a6-e235-4032-9d68-f057cf26cb2e,0d33e51d-8ba0-4065-b089-65dd9846b88c,Lá mùa thu hà nội,2026-03-01 10:15:17.000000
36d043e0-cad7-4f15-ab23-1a813c446ef8,a8d830d3-fd02-4458-96de-27bd84b7a6d0,"tôi muốn một cái khăn màu xanh nước biển, hoạ tiết sóng biển, bãi cát vàng ",2026-02-25 11:37:10.000000
64561f30-6666-4999-9922-e19f2ab807a2,d3eb8cc1-0e60-4572-901b-5b3b38cb36ab,Realistic portrait of an old man with wrinkles,2026-02-28 00:44:34.000000
fad3552b-e52d-432c-b588-51cb17837d76,d6c8f3ff-bd1c-4c17-81d2-e199110c1c56,"Luxury square silk scarf design, artistic ocean waves meeting golden beach sand under a glowing sunset, flowing curves inspired by sea tides, warm sunset palette (amber, coral, soft pink, lavender), delicate hand-drawn illustration, subtle watercolor and silk texture, elegant ornamental border with seashells and starfish, symmetrical composition, refined coastal aesthetic, fashion textile pattern, sophisticated bandana design, ultra detailed, high resolution",2026-02-20 07:54:45.000000
b6f9a932-b19e-4575-bfc5-a5983c6f083e,3dedf8b8-c4c2-4a7e-9b06-58ca0bd4d54c,Anime style girl with colorful hair,2026-03-12 12:12:25.000000
7cbbb9e4-f466-49de-9d20-4beafa048725,e3320075-9e73-41f8-a7f4-5f689b9d4516,hoạ tiết tết 2026,2026-03-05 14:11:32.000000
2beee8ff-a2a6-458e-909e-00f21446699b,6f6536cc-eed1-4a0e-a63e-306cff79775e,Cyberpunk city art 4k resolution,2026-03-01 05:50:47.000000
537b43f8-fb31-415c-92f1-4a74d24e807b,6c6ffb90-071d-4d54-a39c-dad185ab74c3,hoa văn sen,2026-02-20 18:22:00.000000
78c4f578-85ec-4ece-93ea-045f7fbf6152,b6344ada-2db5-47be-a37e-fc0d316c4747,"đá
 sáng tạo",2026-03-04 07:39:21.000000
60f0367b-109d-47ae-b4f9-f640ea48f0fa,b771cea2-2b1a-4a19-a0ff-375df3c2db79,Ngôi nhà ma ám trong rừng sâu hoạt hình,2026-02-22 19:07:43.000000
7ba66275-ac26-41e7-8fa7-a404eb8af2e4,ea1f6e2e-0112-4d05-9ad4-141190ca59e3,"họa tiết hip hop, đen trắng
",2026-02-27 12:31:55.000000
4fdca8ba-c6ca-4d81-b218-9214bdc90ab1,65bf8550-d1a5-44e7-99d3-6f48909be941,Chó mặt xệ mặc vest đen,2026-03-11 21:06:01.000000
a71661c0-4311-4a00-b2c8-110ac28567c1,9f5e80a4-5fcd-48f7-818d-76a66582b37c,Chó mặt xệ mặc vest đen,2026-02-26 06:38:56.000000
779f960f-5a1f-449e-9e5c-dfdbe158abf1,da44fe9b-e88c-4c6a-b31f-3e05fb8dc6ef,hoạ tiết tết 2026,2026-02-24 18:53:36.000000
0d21c43c-3143-41a6-89f7-85774330ca9b,9ea948a2-417e-43b6-8300-ef5e750e6d25,con chó,2026-02-20 00:12:19.000000
86b4e752-c1a7-48b6-a7f9-44de8f971e66,d6c8f3ff-bd1c-4c17-81d2-e199110c1c56,"gấu trắng

trong chúng tôi đơn giản là gấu",2026-02-27 06:08:56.000000
814bde21-b493-42c5-a884-b387ce7df0be,dda4253f-917a-4c17-aee3-6698da64fb71,Tết vào,2026-03-07 14:55:35.000000
38cd760a-647c-48fe-b6f6-17a7dae6e495,e6f83988-a9da-4bb2-9526-728e65c26e56,Yêu em,2026-03-08 06:24:39.000000
364adc7a-6034-4af9-aa79-8ba8022be4d5,49d504a5-eba8-4129-ac07-03d853f52d35,"đá
",2026-02-26 19:13:49.000000
778bfff7-af18-4394-ba14-8be3d7d555c9,65548624-be68-4611-8098-eab088867177,"đấm nhau
 4k",2026-02-28 22:23:52.000000
4278ad41-47f5-4067-81d9-1abd10d5220d,38512924-9668-4142-9f1d-4f65e060d075,boxing sáng tạo,2026-02-27 00:57:08.000000
6787905a-ab1b-4d1f-a255-ce33f57db76c,6f6536cc-eed1-4a0e-a63e-306cff79775e,"gấu bắc cực
",2026-03-05 07:23:12.000000
598c93a3-f346-48bd-9225-53daac42635c,57ccaedd-06f4-418f-8b28-42d65bfb9689,Tết vào,2026-03-01 11:17:40.000000
35b69164-e9f9-465d-86a8-ad91c0fe97c0,0dae66af-39f9-4fcf-8999-9b0d65d1ae31,boxing,2026-02-20 13:07:34.000000
ce6e5327-c5d2-446a-9dbf-52296bd72411,9b3cb18f-3ef1-4294-ae79-96a92bf775f1,"tuyết rơi cùng người tuyết
",2026-02-27 13:32:26.000000
d5885d44-6d4a-44c2-967a-bf0ee29bddc4,69ef4915-4ecb-4885-bb2b-cd09a1c0d251,"đá
",2026-03-11 15:31:40.000000
6e178527-cedb-4420-a765-d6124245e166,3995c91c-87c0-49af-a23a-e16bb7f3b604,Cyberpunk city art 4k resolution,2026-03-13 11:19:44.000000
f0766756-eb2e-458d-85d1-1ed0e242cfdf,c1815d8d-0b98-43f4-b948-cfcae1ed80ae,cảnh biển dưới ánh hoàng hôn chill,2026-03-09 06:35:57.000000
e86bf884-b8b6-4b8e-bc6c-bc5fdb784ad1,46a34f7b-0f24-49fd-9b9a-c70f6eb5a56e,Dragon,2026-03-05 15:51:24.000000
4ce577bf-1614-4ddd-bb43-f1ec2c07a556,6ee56a7d-5455-4570-bc9b-b499578cc98d,"gấu bắc cực
",2026-03-12 08:36:42.000000
881e26ed-42e6-4e02-a8f1-9d3a102b3118,27ccf7a4-74b0-421d-ac99-273644e13380,"gấu trắng

trong chúng tôi đơn giản là gấu",2026-03-09 17:47:53.000000
16e93695-97c4-4405-9fdc-5fc2f5096c9a,25911cc4-b08b-4ac3-a6ed-11c1aad0736a,Ngôi nhà ma ám trong rừng sâu hoạt hình,2026-03-14 05:07:56.000000
fcfe182c-7a51-4176-8453-c44c34fba98d,f7134c2f-54b9-400f-b8f9-cb73685554c3,Lá mùa thu hà nội,2026-02-24 03:06:18.000000
acf54855-b246-4643-9116-cbc2cf45da29,69ef4915-4ecb-4885-bb2b-cd09a1c0d251,Phi hành gia đang lướt sóng trên mặt trăng,2026-02-23 09:37:42.000000
85fc6269-0b00-4d36-9380-54daa2e1b428,dbdde2de-c0c6-4d0d-81ad-cdae81212341,"gấu bắc cực
",2026-02-22 10:21:03.000000
8987a6de-0770-472b-b05e-6e2ee0585b1b,aa26c3a7-07d0-4fc2-8f48-89189b68b996,Anime style girl with colorful hair,2026-02-26 04:19:23.000000
5824ae0b-3b47-40be-9fcf-992b943d8ee8,aa26c3a7-07d0-4fc2-8f48-89189b68b996,"Design a seamless bandana pattern for a Summer Collection. Tropical vibes, vibrant color palette (coral orange, turquoise blue, sunshine yellow, palm green). Elements: palm leaves, hibiscus flowers, ocean waves, sun icons, abstract geometric accents. Modern minimal line art mixed with soft watercolor textures. High contrast, fashion-forward, trendy Gen Z aesthetic. Square composition, centered focal frame border typical bandana layout. Detailed, print-ready, vector style, ultra high resolution, seamless repeat pattern.
",2026-02-21 16:26:57.000000
b6349825-25c4-45fa-b250-61c6cd807249,30225e0c-b458-4a46-b5ab-6fa790610cbd,Cyberpunk city art 4k resolution,2026-02-27 21:13:28.000000
7767ff2e-1e91-40ef-b31f-dc718dfc6828,d8247c93-5e07-4570-bcba-b4dc5ff19123,"rocket
",2026-02-24 13:47:26.000000
3ecb2b3b-4c61-40f7-87ff-b6b1ff9309cc,0fa2cc81-0478-42ae-877d-1af01555e848,Tên lửa ,2026-03-13 19:53:00.000000
0d876f5d-d525-418d-9fb1-daca27f81bdc,531547a3-9d5e-4cca-b9d2-f673f898b857,hoa sen,2026-03-01 18:44:36.000000
0936fcee-39ca-436e-85f2-5a7942d4cebe,531547a3-9d5e-4cca-b9d2-f673f898b857,boxing,2026-03-03 12:23:28.000000
819d5cd0-b013-4bd7-88d0-258550a553d0,0d59a491-b592-48b1-81b5-93c0d931a95b,tết,2026-02-20 06:44:11.000000
4fd89ec9-7177-4481-94c5-39c9ffd6af84,faf5100a-09cb-463f-a737-08b370e119c2,Tết 2026,2026-03-08 11:31:28.000000
fc901f99-7081-46dd-be35-e19204f69034,b0c1a2b5-efca-42d6-a11f-dc0208a56eb9,chồn đáng yêu masterpiece,2026-02-28 01:09:03.000000
bce4c8e8-26f8-4665-9726-8c8016b8aabd,ccc32ff2-b69e-45af-9c3e-eef28c3b1297,"Thiết kế khăn bandana hình vuông với họa tiết lặp lại (seamless pattern), phong cách streetwear hiện đại. Trung tâm là họa tiết paisley truyền thống kết hợp các đường nét hình học. Màu chủ đạo đen và đỏ, điểm nhấn trắng. Thiết kế cân đối 4 góc, chi tiết sắc nét, phong cách thời trang, phù hợp in trên vải bandana. 4k",2026-02-21 07:42:48.000000
b25a09bd-4de4-409c-a112-b7c5dbfb4735,a5e7de84-0c1d-4b83-bfc7-2274f935e36c,Thiết kế logo công ty công nghệ AI,2026-03-01 04:50:30.000000
c79a2ee2-3983-4fb6-81ad-e99a071c0d61,8e8a63af-cf4e-4128-9a3d-3de268ad9adf,"boxing
",2026-02-25 07:49:46.000000
3e8e423e-be88-4708-abc6-953d8a474a3d,cbdab416-85dd-4d2b-8b02-a51f598436ef,Tết 2026 đẹp,2026-02-27 21:10:37.000000
c3f81cfc-7e12-4e15-b65f-d81eb2345c1e,1d8e4f5b-8336-47d1-9a9b-cad584042c31,hoa sen,2026-03-08 08:15:31.000000
ba87b0f0-858a-4bce-bc27-701ec20cc982,ce81e1a0-8473-4955-8d79-5ce47d520e06,"Tết 2026
",2026-03-06 14:02:20.000000
bec4e7b7-19b6-4196-99a0-b9a16cd4fcc7,3bd38538-e72f-4142-8887-324de41a7b47,"hoạ tiết sen vàng tuyền thống cho 8/3
 hoạt hình",2026-02-24 01:14:09.000000
b264aba8-5d61-4223-b822-85086b5f0fa2,dda4253f-917a-4c17-aee3-6698da64fb71,"Thiết kế khăn bandana hình vuông với họa tiết lặp lại (seamless pattern), phong cách streetwear hiện đại. Trung tâm là họa tiết paisley truyền thống kết hợp các đường nét hình học. Màu chủ đạo đen và đỏ, điểm nhấn trắng. Thiết kế cân đối 4 góc, chi tiết sắc nét, phong cách thời trang, phù hợp in trên vải bandana.",2026-02-23 02:15:01.000000
3415b310-af05-4bf0-9902-76e509d80b63,eb45a3f2-7480-4a1f-8e14-290715e2da12,Tên lửa ,2026-03-03 07:40:23.000000
d246581e-e355-4e6d-be1b-2262a16a4ecb,59b09df9-c0f5-42bf-92cb-9379fc5b201e,Watercolor painting of a blooming garden,2026-03-08 13:33:52.000000
4aea52a9-a775-4849-9041-071275b5ec7a,ccf62a1d-9100-442c-8d24-23a68a006052,"boxing
",2026-02-23 00:09:38.000000
61de6c64-78b6-4569-80b2-aaef34731f73,e967ce7e-4283-4fba-8a9b-a6ad0b25b2e1,"đá
",2026-03-09 17:40:40.000000
823d9959-b7f8-4921-927b-99f244601e37,4d94fddf-f172-42ce-af92-7975e002ae46,"Dân chơi ở dưới mưa cầm điếu cày và miệng nhả khói giữa chốn đô thị
",2026-03-10 18:34:56.000000
8f3bb960-3ef6-4fd3-a36d-bf3e2391322d,b427be6f-b72c-4e71-87fb-8beab0f48f7d,chồn đáng yêu,2026-02-28 23:56:20.000000
c4daff40-7ba5-42ec-b47f-0298f18e94e8,e984f545-b306-4363-8b00-3e2a523d9f4e,Cyberpunk city art 4k resolution,2026-02-25 18:17:31.000000
3d724960-bb5a-436f-895d-9d7af51282e5,0bf36f10-e576-420f-9ef3-f4cfdf458486,"3 thằng spiderman trong noway home
",2026-02-21 13:37:09.000000
51ec5402-9566-4908-9a88-5fedca7ea4ec,408ecfab-2a6b-4656-8844-aba91c449f8b,Tết vào,2026-02-24 22:03:17.000000
f99fa3b9-4486-4053-84db-740e67b64413,0dae66af-39f9-4fcf-8999-9b0d65d1ae31,hoa văn biển mùa hè,2026-03-06 20:26:23.000000
c1db7108-a3af-4b2a-8768-7fe2363e2282,80a3dc64-e1c6-4e66-bb3c-8bd8e2ee0329,con gà sáng tạo,2026-03-11 14:39:48.000000
01cb3fbf-d6c3-4a77-b49c-70e53502feb9,a6363040-ce8e-474d-aa13-abd8e2ab4f16,tết đẹp,2026-03-03 12:40:37.000000
1daf0ee1-e8b7-430c-8f57-8bd9dcaa836e,22e5466b-4176-4257-99c3-e8bddb7117ac,con gà,2026-03-05 03:23:18.000000
11584f2a-f170-4d2c-869f-f58cf5880b9f,1d8e4f5b-8336-47d1-9a9b-cad584042c31,Anime style girl with colorful hair,2026-02-23 10:32:33.000000
ca29315a-fe13-41bd-b30c-03e14b8c63bb,aa38a668-4ea1-4f19-973b-19f4f898fad7,tạo khăn cho bst mùa đông,2026-02-25 03:39:42.000000
fce58d14-40fd-4e1c-8224-d1272d58c931,e2cf11ab-0213-4e4a-8b0a-ddb678c56d98,Thiết kế logo công ty công nghệ AI,2026-02-25 19:06:52.000000
44b225a7-d465-4e22-adcc-18bc8807db17,e3320075-9e73-41f8-a7f4-5f689b9d4516,Yêu em,2026-03-03 10:37:28.000000
3d56abc3-834e-4386-8d01-8a552c2f5251,02ea5d9a-1fc4-4835-895e-fea5027ac582,"đấm nhau
 sáng tạo",2026-02-22 22:17:54.000000
636b0ade-cfad-427c-aac2-bf92f7c909ce,fe294904-57dd-4c2b-8b96-b7f60cc63046,hoa thiên lý và hoa hướng dương mix,2026-03-05 00:38:40.000000
d7462c49-2c13-47ce-b527-4f40df68ad0d,3805645a-a302-4866-af32-eab23db16d60,chồn đáng yêu,2026-02-21 20:20:22.000000
547356df-2b98-4436-8603-0fba92cef065,16aa5364-1316-42c0-bfe3-17c9de36cdb1,hoàng tử và công chúa,2026-03-01 06:13:07.000000
43b2c091-a84e-436d-a0be-8f17311d9a38,348aee40-feea-4006-af47-519b806980b2,hoàng tử và công chúa,2026-02-26 10:52:46.000000
05c81c8c-8b31-482c-b206-8c40b5f1dc03,a647ba02-ed81-4401-acbd-4df62ec98e7a,gấu,2026-03-04 10:51:52.000000
bbac1e59-a13b-4947-b449-928ad903dd70,0b193e0c-ebb9-4ee1-85d5-c5c0a9141870,"hình spiderman trong noway home
 đẹp",2026-03-06 02:12:19.000000
29a8a5d6-5a5b-4b96-bed5-ee395d9b8514,b427be6f-b72c-4e71-87fb-8beab0f48f7d,Lá mùa thu hà nội,2026-02-25 05:28:28.000000
fd8e9683-4948-46ad-b69b-7aefcb463be3,7d1aff79-07ff-44e5-ae1e-e6f9e1b1ff59,hoạ tiết tết 2026,2026-03-12 05:33:46.000000
6e4454a8-923c-4cb2-b230-ca65eacd5085,515b152e-321f-4859-aa11-e006c545485e,siêu nhân trump,2026-03-07 10:35:27.000000
02fded85-d162-4778-aca9-f3cd980caccb,3933b3a4-4df7-455b-89a8-343b2d6be756,"tôi muốn một cái khăn màu xanh nước biển, hoạ tiết sóng biển, bãi cát vàng ",2026-02-21 05:23:16.000000
56b68a1e-4304-427b-9e56-ace3179842bb,26fac450-7791-4c40-bf21-805e11243bc6,hoa loa kèn,2026-03-04 11:07:27.000000
56cfea9a-9b63-420d-b446-cb3abf62d02d,db0f1521-471c-4b36-9116-2a4bca133386,Tết 2026 đẹp,2026-02-24 14:11:11.000000
8118c27c-2696-459c-ae4e-84551ce454bd,38512924-9668-4142-9f1d-4f65e060d075,gấu,2026-03-03 20:27:30.000000
7e3d8c68-fdd3-476d-b4a8-3ff6cbde9a86,5e75573c-7525-4761-997e-b9b8c9ad7aee,"gấu bắc cực
 hoạt hình",2026-03-03 10:16:05.000000
8c419330-4e77-449b-9dc6-005d7dd24566,ec717e8c-e31b-4176-a103-e838623aad05,"tuyết rơi cùng người tuyết
",2026-02-25 15:42:57.000000
c3835204-4125-4edd-816a-7467494b18b3,d2479cbc-861a-4814-ad83-e40fa1474044,"Luxury square silk scarf design, artistic ocean waves meeting golden beach sand under a glowing sunset, flowing curves inspired by sea tides, warm sunset palette (amber, coral, soft pink, lavender), delicate hand-drawn illustration, subtle watercolor and silk texture, elegant ornamental border with seashells and starfish, symmetrical composition, refined coastal aesthetic, fashion textile pattern, sophisticated bandana design, ultra detailed, high resolution",2026-02-24 06:12:36.000000
5fb91e79-0439-4bab-a486-d01891778c59,37e1d9b4-9752-4bd4-b496-22524edcd4f9,"Luxury square silk scarf design, artistic ocean waves meeting golden beach sand under a glowing sunset, flowing curves inspired by sea tides, warm sunset palette (amber, coral, soft pink, lavender), delicate hand-drawn illustration, subtle watercolor and silk texture, elegant ornamental border with seashells and starfish, symmetrical composition, refined coastal aesthetic, fashion textile pattern, sophisticated bandana design, ultra detailed, high resolution",2026-02-28 19:26:00.000000
036cea40-94ae-466e-8bb7-c8a5d18e2715,6ba29922-c266-47de-bbfc-1c7255a7a267,con gà,2026-03-09 06:07:48.000000
78eb4a61-c153-4e47-96e1-62ca68850bc7,8fbe79b4-faf5-4ea3-b7e1-d4c5bda003c0,Cyberpunk city art 4k resolution,2026-03-13 04:01:02.000000
88ec177f-d6ab-4a76-8628-cdbee8c7b6fc,ff848474-b547-4fc5-b4b0-27b354e4121c,chồn đáng yêu,2026-02-26 20:10:07.000000
3580b16e-8089-4724-a2c7-598ffcbb6475,84cb48b8-fc40-48a4-97a3-2d15e81e4d7f,"Thiết kế khăn bandana hình vuông với họa tiết lặp lại (seamless pattern), phong cách streetwear hiện đại. Trung tâm là họa tiết paisley truyền thống kết hợp các đường nét hình học. Màu chủ đạo đen và đỏ, điểm nhấn trắng. Thiết kế cân đối 4 góc, chi tiết sắc nét, phong cách thời trang, phù hợp in trên vải bandana. đẹp",2026-03-05 01:51:43.000000
870d2980-9870-431c-8187-916d4a873642,98ddf1bc-912e-4657-8d4c-2ebe383433ac,"tôi muốn một cái khăn màu xanh nước biển, hoạ tiết sóng biển, bãi cát vàng ",2026-03-02 01:57:48.000000
24aab2b9-2629-4c2b-bdce-8806c9ca0b23,3bd38538-e72f-4142-8887-324de41a7b47,Cyberpunk city art 4k resolution,2026-03-04 04:21:51.000000
ee6ed6ac-c152-459c-93d5-82f111830b8e,a1affe4a-59aa-4a8f-83c5-5f6667eb22d6,"họa tiết phù hợp sinh viên
 hoạt hình",2026-03-13 21:31:17.000000
227541fd-a26b-481b-952d-1121883268d4,6499c168-1856-449c-a4d9-3f36d25cbcf6,con chó masterpiece,2026-02-25 02:02:39.000000
0b32b3e7-60be-40e0-a7f4-b52fdd755fc8,b771cea2-2b1a-4a19-a0ff-375df3c2db79,"Design a seamless bandana pattern for a Summer Collection. Tropical vibes, vibrant color palette (coral orange, turquoise blue, sunshine yellow, palm green). Elements: palm leaves, hibiscus flowers, ocean waves, sun icons, abstract geometric accents. Modern minimal line art mixed with soft watercolor textures. High contrast, fashion-forward, trendy Gen Z aesthetic. Square composition, centered focal frame border typical bandana layout. Detailed, print-ready, vector style, ultra high resolution, seamless repeat pattern.
 realistic",2026-03-04 21:28:10.000000
05c11a42-e2f7-41b5-9969-040e2fa7c524,3bd38538-e72f-4142-8887-324de41a7b47,Thiết kế logo công ty công nghệ AI,2026-02-20 09:12:06.000000
dffb8b46-26f7-4451-ac4e-91b163a17bab,6b1311a1-7dbc-4f6e-8411-669876d3b402,Ngôi nhà ma ám trong rừng sâu,2026-03-06 11:03:32.000000
0aae27a6-8c94-41fd-bf69-0e19d33490c8,ba40b02e-f6e1-4ae2-be58-b684101ec3ce,Yêu em realistic,2026-02-22 12:47:40.000000
3df66cd3-e5d1-4119-aeb4-20261cfa8f42,abc8e660-df7a-424a-8fde-9653ff0f089e,con chó,2026-02-24 04:49:09.000000
fcd5f4de-9297-4f8b-913e-e640905b9c54,98ddf1bc-912e-4657-8d4c-2ebe383433ac,gấu đẹp,2026-02-22 16:05:14.000000
9c2ae6c4-90e1-4e41-ad6f-be0dccaccebd,007c2a26-f165-4314-983b-be07dbf63a39,Watercolor painting of a blooming garden realistic,2026-03-14 14:50:41.000000
baf1f91e-f73b-4342-8c21-dae034efc0e3,22e5466b-4176-4257-99c3-e8bddb7117ac,"Design a seamless bandana pattern for a Summer Collection. Tropical vibes, vibrant color palette (coral orange, turquoise blue, sunshine yellow, palm green). Elements: palm leaves, hibiscus flowers, ocean waves, sun icons, abstract geometric accents. Modern minimal line art mixed with soft watercolor textures. High contrast, fashion-forward, trendy Gen Z aesthetic. Square composition, centered focal frame border typical bandana layout. Detailed, print-ready, vector style, ultra high resolution, seamless repeat pattern.
",2026-03-10 13:46:46.000000
6d24df9c-086e-4be0-bc30-e1ed51494cbe,a639249a-9c80-47d1-bfef-81abc6a363de,hoa sen,2026-03-07 19:42:47.000000
db11cd03-941f-4a73-8d38-7d19d6849234,e6f83988-a9da-4bb2-9526-728e65c26e56,Tết vào đẹp,2026-03-10 06:25:01.000000
0bc183ca-6dde-4599-a1a5-d34e0a58b782,52a5ec7b-fecd-4811-84d4-50592e8156e0,Chó mặt xệ mặc vest đen,2026-03-12 07:01:42.000000
629de788-2465-4c32-ae7a-917c70d35085,4d94fddf-f172-42ce-af92-7975e002ae46,"Dân chơi ở dưới mưa cầm điếu cày và miệng nhả khói giữa chốn đô thị
 đẹp",2026-02-28 10:47:31.000000
a2eca4f4-8a9b-4547-a484-c6a093a95f3f,0a3a2009-3208-4aaf-bb8e-21a813b2592f,"Sông nước
",2026-03-08 07:21:01.000000
3703f3da-5c2b-4f49-b9a6-bd81d72e35aa,71dd7cd0-04ac-44f3-b454-a1a8e061ed13,hoa loa kèn,2026-02-20 00:28:16.000000
e807f777-0d7d-438e-8a65-9e82640b302c,86c3a8b1-f67e-4e73-b489-2020997e3939,"họa tiết phù hợp sinh viên
",2026-02-22 20:17:54.000000
95735b2d-853a-4c0c-a801-f8b9f4592f16,b427be6f-b72c-4e71-87fb-8beab0f48f7d,đá realistic,2026-02-23 12:46:32.000000
ed6ed394-1cd6-461c-930c-9e8ae0c34118,37457121-7708-40ed-bb3a-9030a747bef8,Chó mặt xệ mặc vest đen realistic,2026-02-24 04:45:56.000000
ba9564c9-ea61-4050-aef6-131b48efaae4,4b143742-4b93-4a16-91f7-6a83083759fe,"Thiết kế khăn bandana hình vuông với họa tiết lặp lại (seamless pattern), phong cách streetwear hiện đại. Trung tâm là họa tiết paisley truyền thống kết hợp các đường nét hình học. Màu chủ đạo đen và đỏ, điểm nhấn trắng. Thiết kế cân đối 4 góc, chi tiết sắc nét, phong cách thời trang, phù hợp in trên vải bandana. hoạt hình",2026-03-04 04:49:29.000000
2ccffd7d-65ba-4eea-a20f-65eba89dd8df,cbdab416-85dd-4d2b-8b02-a51f598436ef,Lá mùa thu hà nội 4k,2026-03-07 21:13:05.000000
ca6ee680-94bf-4a01-9707-d5099c2c19ea,cd773ad9-fa08-48e9-9979-74518210b603,"Design a seamless bandana pattern for a Summer Collection. Tropical vibes, vibrant color palette (coral orange, turquoise blue, sunshine yellow, palm green). Elements: palm leaves, hibiscus flowers, ocean waves, sun icons, abstract geometric accents. Modern minimal line art mixed with soft watercolor textures. High contrast, fashion-forward, trendy Gen Z aesthetic. Square composition, centered focal frame border typical bandana layout. Detailed, print-ready, vector style, ultra high resolution, seamless repeat pattern.
",2026-03-02 14:42:09.000000
6db63a52-56ba-43d0-9edd-4618d307e6cc,c332351c-0e39-4d3b-bff8-7cd082a4652d,hoa văn sen,2026-02-27 22:19:15.000000
a9ddb87f-73fd-402d-8b61-0d8aab395627,b427be6f-b72c-4e71-87fb-8beab0f48f7d,Lá mùa thu hà nội,2026-03-14 03:18:22.000000
83c3d753-36fb-40b2-b41e-058148ecb829,7d57c761-5804-4bcf-b89a-cd04945cf82c,"họa tiết phù hợp sinh viên
",2026-02-20 18:28:20.000000
9a5bb7e8-1245-407d-940a-a9ee4f0e2e21,6499c168-1856-449c-a4d9-3f36d25cbcf6,Một con mèo đang bay trên bầu trời đẹp,2026-03-14 06:35:00.000000
e6f0be37-a187-4671-a035-f37a793ecee2,ccd622b3-79f0-4f4d-94b1-73d73fecf32a,tạo khăn cho bst mùa đông,2026-02-24 07:31:19.000000
38b4d5ff-3b0a-4876-9abd-76065998d352,37457121-7708-40ed-bb3a-9030a747bef8,hoa văn bướm,2026-02-21 11:16:17.000000
3056c4c1-1c00-4090-8baf-c5bf70a0c54c,95099945-ddba-486e-96f4-33ebda5036a5,"Trứng vịt ở giữa đồng cỏ
 đẹp",2026-02-22 14:31:01.000000
65e2a48e-0e18-4b77-8868-85fe36fe7dbf,b4e85796-def1-4607-852f-188044f19a0b,hoa văn biển mùa hè đẹp,2026-02-20 01:23:42.000000
dd64b60c-7959-4acd-a095-2598ff90ab7b,cd368f0d-d82b-4698-bd58-f4dd8947f5c5,"đá
",2026-02-24 23:37:23.000000
1a90a100-11f3-411a-aee5-9ab28672c43c,c09c5aaf-1e80-4f45-9f57-dadcb69bccf4,Tết 2026,2026-02-22 07:04:39.000000
219ca218-c671-42a2-94d8-fac2fdf3b0de,43851537-fdcb-48d7-a17d-4d16f106ec76,"gấu bắc cực
",2026-03-05 00:44:20.000000
b9d1e79b-b16b-4653-931f-771d5fbe3078,7b4ebc11-e8f4-41b0-b740-9beeb5147db0,Yêu em,2026-03-06 09:33:38.000000
e8cf81be-3d16-4f17-8bba-4531582a0bf0,d250643e-1cc0-4ae4-991c-dd63b70f7570,"tuyết rơi cùng người tuyết
 sáng tạo",2026-03-07 14:48:10.000000
6b860bbe-047c-491c-bfb9-3c4819414dcc,1cbaa0bd-cbfd-4933-b137-02f1054745e9,"Tết 2026
",2026-03-03 09:31:50.000000
4e7f7b60-6736-4a79-a1b1-f18d909843f8,9ea948a2-417e-43b6-8300-ef5e750e6d25,"Tết 2026
",2026-03-04 06:49:18.000000
29ec4706-cccf-4170-8d5b-1680c0a11a9b,ce3e2219-95d6-433a-80fd-6e58f4b14a7f,"Dân chơi ở dưới mưa cầm điếu cày và miệng nhả khói giữa chốn đô thị
",2026-03-03 08:14:20.000000
412d7789-4420-4888-a50e-e53c53c8b9f6,d6c8f3ff-bd1c-4c17-81d2-e199110c1c56,hoa văn bướm,2026-03-07 05:17:38.000000
80e89a05-f7de-4e35-bba0-c887cee3f895,abc8e660-df7a-424a-8fde-9653ff0f089e,"Design a seamless bandana pattern for a Summer Collection. Tropical vibes, vibrant color palette (coral orange, turquoise blue, sunshine yellow, palm green). Elements: palm leaves, hibiscus flowers, ocean waves, sun icons, abstract geometric accents. Modern minimal line art mixed with soft watercolor textures. High contrast, fashion-forward, trendy Gen Z aesthetic. Square composition, centered focal frame border typical bandana layout. Detailed, print-ready, vector style, ultra high resolution, seamless repeat pattern.
",2026-02-23 13:31:45.000000
18ac23ef-fb07-4dd8-9d0a-2610e642d4aa,7f93b64e-ebff-4d77-b543-7da4ccb1d40a,"Tết 2026
",2026-03-11 09:40:22.000000
6392b3c9-630d-4665-a0f3-e3b3b8d6fd68,cb233a55-0fa9-4cdf-9b7b-cdb9f3bb0556,Anime style girl with colorful hair realistic,2026-02-25 18:19:56.000000
55ac042e-a88d-4eb7-af06-4267c23e96b5,ddb62363-0eeb-44bb-93dc-7cf6e58ee53a,Tết 2026,2026-02-24 04:36:03.000000
5cc96a41-85d3-4ee1-99ba-c9867f40f3e2,37457121-7708-40ed-bb3a-9030a747bef8,hoa văn sen sáng tạo,2026-02-23 00:12:28.000000
1ecfd660-fe4c-4575-b5a1-c331ce6e694e,3917da44-1945-4dec-87a7-55aac5fa684f,"3 thằng spiderman trong noway home
",2026-03-06 23:21:20.000000
5215d61e-1de0-4008-ab36-8868b75f7ad2,16dcdf47-ee52-43c1-a334-dc1815bc8856,"gấu bắc cực\
",2026-03-10 11:58:07.000000
437a918a-4dda-49b6-a593-7e694e8438b0,98ddf1bc-912e-4657-8d4c-2ebe383433ac,"Design a seamless bandana pattern for a Summer Collection. Tropical vibes, vibrant color palette (coral orange, turquoise blue, sunshine yellow, palm green). Elements: palm leaves, hibiscus flowers, ocean waves, sun icons, abstract geometric accents. Modern minimal line art mixed with soft watercolor textures. High contrast, fashion-forward, trendy Gen Z aesthetic. Square composition, centered focal frame border typical bandana layout. Detailed, print-ready, vector style, ultra high resolution, seamless repeat pattern.
",2026-03-07 10:56:23.000000
a3c23568-919d-4bc7-b95b-5ddd43b44ac6,26ffbddb-33b2-49e4-92b8-68dcd2824d21,hoạ tiết tết 2026,2026-03-10 07:43:15.000000
01ca418f-bdaf-4ae4-affe-1becabafa700,c2307cce-c228-48b1-a244-29665616ed0c,"Thiết kế khăn bandana hình vuông với họa tiết hai con gấu dễ thương ở trung tâm, phong cách hoạt hình, màu sắc tươi sáng, bố cục đối xứng, pattern lặp lại ở các góc, thiết kế phù hợp in trên vải bandana.",2026-03-13 16:07:28.000000
02d7c1ce-7e5b-458a-b7f0-c04d9d991c45,eb45a3f2-7480-4a1f-8e14-290715e2da12,Thiết kế logo công ty công nghệ AI,2026-03-08 09:28:00.000000
163ef9ff-235b-4239-b4cd-459622a68978,9e60e2a6-f2a7-4dfa-954c-7adddd3782f4,tết hoạt hình,2026-02-25 13:04:39.000000
f5117f0a-84aa-4933-b3d6-7628e3b88a1a,a85509c7-52fd-4a42-8538-298f35db7144,Ngôi nhà ma ám trong rừng sâu,2026-03-04 05:30:04.000000
d2e4c4fb-2668-4c68-8826-23023f5e733f,ddc23018-dd1d-48ef-8e05-bfaea41cdad5,hoàng tử và công chúa,2026-03-01 23:23:14.000000
e59af13d-4711-4807-8555-581892913a0d,95b7bc2b-eda5-4e1c-ae84-9c55f5177b34,"đá
 hoạt hình",2026-03-12 03:17:08.000000
116832c8-95b8-4098-8069-e84528b3ba8f,fd9aaef0-7953-4b61-a687-c6b304972eb9,hoa văn sen,2026-03-09 08:12:00.000000
be6892ea-693d-4946-9a13-ab0aa271f7a5,b4e85796-def1-4607-852f-188044f19a0b,Phi hành gia đang lướt sóng trên mặt trăng,2026-03-03 06:31:07.000000
80f471fc-9931-4539-a292-804bf48437b1,1d8e4f5b-8336-47d1-9a9b-cad584042c31,"rocket
 hoạt hình",2026-03-09 15:55:19.000000
2e490e45-a936-43c2-9722-7573b7c25ad2,16aa5364-1316-42c0-bfe3-17c9de36cdb1,một chút gấu và tuyết rơi cùng ông già noel,2026-03-08 21:44:13.000000
7c27508c-4152-4617-9435-a821eaa14c78,a647ba02-ed81-4401-acbd-4df62ec98e7a,gấu,2026-02-26 22:58:40.000000
05fa41d6-3d4c-4159-a8b6-1dac570e009c,408ecfab-2a6b-4656-8844-aba91c449f8b,hoa văn biển mùa hè,2026-03-03 16:22:30.000000
fdb30a0e-a365-4e95-944a-3709f00f60e4,5eb9306c-130a-409e-a063-7578b0b56c33,hoa sen,2026-02-26 23:37:20.000000
3af12058-b5b7-4720-be74-cc164971aeb2,8fb11f41-5dec-4495-b443-70b1192d1748,chồn đáng yêu,2026-02-21 07:47:17.000000
4ad0c0bb-de94-4c42-90fb-523deacc8cd3,6ee56a7d-5455-4570-bc9b-b499578cc98d,siêu nhân trump,2026-02-26 03:55:41.000000
cb3b4d3d-cdf8-4f9e-8a3c-80a48f17f959,fe516c3c-fb0b-4917-b28c-4cc0da88023c,Lá mùa thu hà nội đẹp,2026-02-22 19:43:15.000000
62cbeea7-c2a9-4920-98c1-06934b20ed8d,e967ce7e-4283-4fba-8a9b-a6ad0b25b2e1,"Thiết kế khăn bandana hình vuông với họa tiết hai con gấu dễ thương ở trung tâm, phong cách hoạt hình, màu sắc tươi sáng, bố cục đối xứng, pattern lặp lại ở các góc, thiết kế phù hợp in trên vải bandana.",2026-02-27 22:18:01.000000
3fa634b9-db68-4781-b182-8dc267490850,7b6022af-2fc9-486e-aed9-c9998496adb1,siêu nhân trump đẹp,2026-03-11 16:06:12.000000
af2aed37-bb41-4ca7-a9b0-a548a8593a72,a647ba02-ed81-4401-acbd-4df62ec98e7a,siêu nhân trump 4k,2026-03-01 15:57:00.000000
d05a6968-cb6e-4490-bce8-90b0c6603dfe,e84ba220-3b02-49e6-84a4-6bb9e8a6833c,chồn đáng yêu masterpiece,2026-02-26 05:32:32.000000
9cb67f67-b5c0-464a-9639-0af501970e78,9ea948a2-417e-43b6-8300-ef5e750e6d25,tạo khăn cho bst mùa đông,2026-02-27 15:58:37.000000
73fe4847-94bd-4724-9cc6-8e5fcda586f3,b0c1a2b5-efca-42d6-a11f-dc0208a56eb9,hoa văn bướm 4k,2026-02-28 07:50:33.000000
cb4e2f47-4c52-49f8-9774-8c16073cbcdd,0b193e0c-ebb9-4ee1-85d5-c5c0a9141870,Chó mặt xệ mặc vest đen,2026-03-10 12:07:06.000000
aaa6fe72-6e99-4831-af77-dbb281d34a27,27bbe5f4-d9ea-4d30-af58-609b1534760f,"tôi muốn một cái khăn màu xanh nước biển, hoạ tiết sóng biển, bãi cát vàng giữa hoàng hôn",2026-03-07 08:30:41.000000
e7588e05-de36-434b-8296-ab67d17887e2,27bbe5f4-d9ea-4d30-af58-609b1534760f,"tôi muốn một cái khăn màu xanh nước biển, hoạ tiết sóng biển, bãi cát vàng giữa hoàng hôn",2026-03-07 02:29:37.000000
6ce93a59-77c8-4c70-baa5-db393f0dd69c,8703f78a-43b9-41fe-8b38-cbfcff383e67,con gà,2026-03-06 23:43:48.000000
0635e2ba-1d81-48ea-b760-2c4fffc1c11b,21b6e450-6de0-48e3-8a06-13cafeb1c9e1,con gà,2026-03-07 03:07:30.000000
907ae88a-53b3-4498-93fa-010163e29ee6,ccf62a1d-9100-442c-8d24-23a68a006052,Tết vào,2026-03-01 18:37:39.000000
2f1c6ed8-8c0d-403b-ba93-886561bebece,dbdde2de-c0c6-4d0d-81ad-cdae81212341,"Design a seamless bandana pattern for a Summer Collection. Tropical vibes, vibrant color palette (coral orange, turquoise blue, sunshine yellow, palm green). Elements: palm leaves, hibiscus flowers, ocean waves, sun icons, abstract geometric accents. Modern minimal line art mixed with soft watercolor textures. High contrast, fashion-forward, trendy Gen Z aesthetic. Square composition, centered focal frame border typical bandana layout. Detailed, print-ready, vector style, ultra high resolution, seamless repeat pattern.
",2026-03-14 23:24:33.000000
fe960a7e-4403-4687-9150-48da9ae16573,b427be6f-b72c-4e71-87fb-8beab0f48f7d,Tết vào,2026-02-23 09:16:59.000000
285823f4-e133-496d-af72-fd85086acac1,e6e726f3-26dd-450c-bf49-c76bef731cf0,Cyberpunk city art 4k resolution,2026-02-22 06:31:15.000000
bb2b5bd7-a39a-4a68-ad89-d39987b1997d,ccc32ff2-b69e-45af-9c3e-eef28c3b1297,"họa tiết trẻ trung, phù hợp sinh viên",2026-03-03 17:03:21.000000
e26d3c75-23dd-4814-8bfa-1a79c7d4a958,040275e9-f598-4681-90fb-322c2e17dd07,mèo và tuyết rơi cùng ông già noel,2026-03-04 19:41:50.000000
d665f6ef-942b-4c05-b259-bf6024803b20,98ddf1bc-912e-4657-8d4c-2ebe383433ac,hoạ tiết tết 2026 realistic,2026-03-10 15:34:10.000000
62a0cf9c-c4f5-4c6d-91e2-f236335baf48,ec396c9c-9395-4d74-9087-6cb2a3c7c224,con gà,2026-02-21 05:27:24.000000
c34b1415-6b76-4f41-ac19-90c7c70831aa,ba893698-ab56-4d66-84f2-6a2a41654a9e,Tết vào,2026-03-10 20:12:57.000000
a02f8bd3-63f9-4340-9238-ad74420317bd,8fb11f41-5dec-4495-b443-70b1192d1748,"Design a seamless bandana pattern for a Summer Collection. Tropical vibes, vibrant color palette (coral orange, turquoise blue, sunshine yellow, palm green). Elements: palm leaves, hibiscus flowers, ocean waves, sun icons, abstract geometric accents. Modern minimal line art mixed with soft watercolor textures. High contrast, fashion-forward, trendy Gen Z aesthetic. Square composition, centered focal frame border typical bandana layout. Detailed, print-ready, vector style, ultra high resolution, seamless repeat pattern.
",2026-03-07 22:08:09.000000
b824eaab-3e65-4334-b3db-339f749e6758,b95a5eab-fe7f-4be0-8561-d3cb815348bd,Lá mùa thu hà nội 4k,2026-03-12 13:08:43.000000
22380b14-883b-427c-b551-74871d6b06f5,0b193e0c-ebb9-4ee1-85d5-c5c0a9141870,mèo và tuyết rơi cùng ông già noel 4k,2026-02-25 04:22:56.000000
cebcb930-bca8-4ded-b465-b31562d325f2,0e449645-d8fb-46e3-b0a2-d0aba66b6d5f,hoa văn bướm,2026-03-01 10:17:19.000000
55d00df3-918e-43b7-924b-41f66e9d8fab,f66c55dd-31c9-4733-b2b0-5cd2cbd5b557,"gấu bắc cực
",2026-02-21 10:42:42.000000
11425ace-a323-4508-9846-e2bfad38bb7b,e2cf11ab-0213-4e4a-8b0a-ddb678c56d98,hoa văn sen sáng tạo,2026-03-10 11:19:53.000000
d9ceab5d-ff9f-42ae-acd1-683ab8a8dce3,9f5e80a4-5fcd-48f7-818d-76a66582b37c,hoa văn biển mùa hè sáng tạo,2026-03-03 17:09:17.000000
0acc2f63-1707-4981-ac94-cf0d5641c7b8,4fd060d5-34f9-4a6a-9721-2d610d47e96c,"họa tiết phù hợp sinh viên
",2026-03-12 08:47:12.000000
d55bf13b-1e0d-4598-b709-60b29829cab8,c2e9a33c-c043-4b79-bc09-c9371dad54f5,"Thiết kế khăn bandana hình vuông với họa tiết hai con gấu dễ thương ở trung tâm, phong cách hoạt hình, màu sắc tươi sáng, bố cục đối xứng, pattern lặp lại ở các góc, thiết kế phù hợp in trên vải bandana.",2026-02-26 21:46:19.000000
00c8be1b-6b86-4ebd-b166-ebb7e58865c1,9ab7c8a2-7d4c-4c3f-aa0a-455be10c6452,hoa thiên lý và hoa hướng dương mix đẹp,2026-02-25 07:37:18.000000
f737ddb1-28d3-40cb-acb6-d6cf5824bd2a,c09c5aaf-1e80-4f45-9f57-dadcb69bccf4,Phi hành gia đang lướt sóng trên mặt trăng,2026-02-24 18:43:40.000000
121a861f-2259-4300-b55c-7f7f4bc3478a,9b3cb18f-3ef1-4294-ae79-96a92bf775f1,"Design a seamless bandana pattern for a Summer Collection. Tropical vibes, vibrant color palette (coral orange, turquoise blue, sunshine yellow, palm green). Elements: palm leaves, hibiscus flowers, ocean waves, sun icons, abstract geometric accents. Modern minimal line art mixed with soft watercolor textures. High contrast, fashion-forward, trendy Gen Z aesthetic. Square composition, centered focal frame border typical bandana layout. Detailed, print-ready, vector style, ultra high resolution, seamless repeat pattern.
",2026-03-14 19:26:08.000000
ac7d33fc-3960-4f69-a800-933bd08f577a,a8d830d3-fd02-4458-96de-27bd84b7a6d0,Yêu em,2026-03-04 03:20:00.000000
fce26e12-14eb-4177-9ebd-d96231ba4610,db0f1521-471c-4b36-9116-2a4bca133386,Tên lửa ,2026-03-07 08:41:24.000000
a66d2859-dda9-4dab-8737-e170f8913960,6ba29922-c266-47de-bbfc-1c7255a7a267,boxing,2026-02-25 07:48:49.000000
0a05d4ca-ef6b-40f8-b59b-45daaa45dadf,a0dc5556-4c18-4678-9dab-b940d9745aba,tết,2026-03-09 23:06:29.000000
480885be-4e02-478a-9e7d-a2ed2157c78b,f8c13c0e-a9ee-416f-acb5-e882aa100d6d,"boxing
",2026-02-25 09:37:45.000000
b770f949-3f09-4cbc-8929-5e52ce48f9a0,348aee40-feea-4006-af47-519b806980b2,hoa văn bướm,2026-03-11 03:25:59.000000
cfa0fff1-fdcf-4444-a2b6-f1f7aa1bdb90,531547a3-9d5e-4cca-b9d2-f673f898b857,"Trứng vịt ở giữa đồng cỏ
",2026-03-04 01:41:16.000000
7cb87353-3e47-4bdf-aa30-e57675ccf945,61b9227c-9c0c-4665-b6c0-32a450ca6c40,"tôi muốn một cái khăn màu xanh nước biển, hoạ tiết sóng biển, bãi cát vàng giữa hoàng hôn",2026-02-25 04:42:43.000000
c20e888a-4212-4ef8-8cd0-96433a6c7cd7,040275e9-f598-4681-90fb-322c2e17dd07,"rocket
",2026-02-21 11:49:20.000000
cddaf17a-6125-48ad-b625-5b392371b91d,22e5466b-4176-4257-99c3-e8bddb7117ac,Phi hành gia đang lướt sóng trên mặt trăng,2026-03-11 09:01:57.000000
10befdab-bc86-419a-92f0-4a403bebca2b,a6363040-ce8e-474d-aa13-abd8e2ab4f16,Tết vào,2026-02-21 10:16:53.000000
43605971-421c-4647-9570-6d5afda0d747,25911cc4-b08b-4ac3-a6ed-11c1aad0736a,"đá
",2026-03-08 04:39:03.000000
fe4f2743-1d12-4edc-b32b-cbcfd8d07f8d,7c8ee6e6-530f-415f-bb24-284452dd93e3,tết,2026-02-28 01:50:05.000000
abd21697-6ce9-43bc-a1e7-3f8fabf91996,84cb48b8-fc40-48a4-97a3-2d15e81e4d7f,"rocket
 masterpiece",2026-02-24 02:08:17.000000
e905dba5-fd16-4cc5-b693-3d720f166dd0,88c7c0ae-6e9a-4492-b402-6202cea92e2e,"Thiết kế khăn bandana hình vuông với họa tiết lặp lại (seamless pattern), phong cách streetwear hiện đại. Trung tâm là họa tiết paisley truyền thống kết hợp các đường nét hình học. Màu chủ đạo đen và đỏ, điểm nhấn trắng. Thiết kế cân đối 4 góc, chi tiết sắc nét, phong cách thời trang, phù hợp in trên vải bandana.",2026-02-26 16:49:42.000000
ad8eb008-6000-4fe7-86dd-4a436b1bb964,1d8e4f5b-8336-47d1-9a9b-cad584042c31,tạo khăn cho bst mùa đông,2026-03-10 06:09:53.000000
3d33f760-8a72-4596-9a62-32c29e45b223,1ec32fa0-a949-4401-b16d-1cf072fdbfaf,gấu,2026-02-20 06:39:20.000000
ef41b2d6-b8a7-4c85-b171-560c992b287a,21b6e450-6de0-48e3-8a06-13cafeb1c9e1,con gà hoạt hình,2026-02-23 22:11:19.000000
9f3bd064-5e9d-40b1-95de-9c81d3b82a53,8c809800-3141-4735-9072-dceecbb38d65,"boxing
",2026-03-13 19:41:11.000000
23d146d0-2303-495e-86be-b591a1111430,c4a012b2-f0c8-4a29-aceb-e1684d0e5ae7,hoàng tử và công chúa,2026-02-26 16:42:50.000000
11cf4b4e-6478-4928-9139-29c8a650ce98,953bfbca-4988-47ae-9629-93ed4e3640d0,Lá mùa thu hà nội,2026-03-11 16:27:52.000000
2fc5f60c-2e20-4da0-87e7-9956c3f6e49b,28d55487-5969-434d-bf2d-de90a063655f,Lá mùa thu hà nội đẹp,2026-02-21 18:24:19.000000
8252673f-a412-4cfb-8d0a-a7e48a68dc88,8fb11f41-5dec-4495-b443-70b1192d1748,"gấu bắc cực\
",2026-03-01 22:42:50.000000
b5eef053-346c-45da-a9df-f9fbda9d62d6,1d8e4f5b-8336-47d1-9a9b-cad584042c31,Tết 2026 sáng tạo,2026-03-05 06:40:13.000000
7073d1d0-f8f3-4adc-adc5-f3f35320deb7,ff848474-b547-4fc5-b4b0-27b354e4121c,"Tết 2026
",2026-03-01 20:18:07.000000
7f540170-ba53-4ac7-9ace-f033ca173df5,eb45a3f2-7480-4a1f-8e14-290715e2da12,Tết vào,2026-02-20 18:13:33.000000
dcf49d13-9693-46b5-9503-2cf449fc15dc,408ecfab-2a6b-4656-8844-aba91c449f8b,"họa tiết hip hop, đen trắng
",2026-03-11 15:46:28.000000
7ee6e8ae-3bd7-406c-a40b-d0aff6a747dc,43851537-fdcb-48d7-a17d-4d16f106ec76,"hình spiderman trong noway home
 realistic",2026-03-06 02:36:12.000000
50384236-1a45-443d-9542-10f08adc548e,1cbaa0bd-cbfd-4933-b137-02f1054745e9,"Luxury square silk scarf design, artistic ocean waves meeting golden beach sand under a glowing sunset, flowing curves inspired by sea tides, warm sunset palette (amber, coral, soft pink, lavender), delicate hand-drawn illustration, subtle watercolor and silk texture, elegant ornamental border with seashells and starfish, symmetrical composition, refined coastal aesthetic, fashion textile pattern, sophisticated bandana design, ultra detailed, high resolution",2026-02-21 16:32:19.000000
31d8ac84-ad2f-4ae3-a871-c771196f553a,e984f545-b306-4363-8b00-3e2a523d9f4e,Dragon,2026-03-13 17:28:37.000000
82a88052-cba5-4c15-8a2f-3b55216852bd,43851537-fdcb-48d7-a17d-4d16f106ec76,hoàng tử và công chúa,2026-03-02 04:36:12.000000
c4bf2fa3-a893-449c-813d-1af59679d267,001f054f-0281-482b-8e9f-b21ca7c30477,hoàng tử và công chúa,2026-02-26 15:34:42.000000
20eb2066-6777-4037-ab64-ddcae615d534,69ef4915-4ecb-4885-bb2b-cd09a1c0d251,"Thiết kế khăn bandana hình vuông với họa tiết lặp lại (seamless pattern), phong cách streetwear hiện đại. Trung tâm là họa tiết paisley truyền thống kết hợp các đường nét hình học. Màu chủ đạo đen và đỏ, điểm nhấn trắng. Thiết kế cân đối 4 góc, chi tiết sắc nét, phong cách thời trang, phù hợp in trên vải bandana.",2026-02-26 18:05:36.000000
03530ad8-a74b-4153-b27b-a6c999b7546f,7b4ebc11-e8f4-41b0-b740-9beeb5147db0,Lá mùa thu hà nội,2026-02-21 18:01:48.000000
0c3c8bce-d35c-4904-b29a-0a2935a7d4da,a8d830d3-fd02-4458-96de-27bd84b7a6d0,một chút gấu và tuyết rơi cùng ông già noel,2026-03-13 13:47:01.000000
d48d8b5d-8552-47ab-9186-de533e99a046,7d09392c-fdea-46d9-b00f-661ebe886d5f,"Dân chơi ở dưới mưa cầm điếu cày và miệng nhả khói giữa chốn đô thị
",2026-03-09 18:13:51.000000
20b450bd-7d50-405f-9df9-24f38283c8ab,650e89e8-972b-4675-97a8-773ff9096417,con chó,2026-02-27 23:48:36.000000
0b15996f-065d-4b8a-9e5c-acc1e5655ad5,4d94fddf-f172-42ce-af92-7975e002ae46,Tết vào,2026-03-05 23:37:41.000000
5ba123ee-e625-4233-9e63-40fe1d58c405,a5e7de84-0c1d-4b83-bfc7-2274f935e36c,"Tết 2026
",2026-03-05 21:15:07.000000
9abbb193-1d85-493d-8f73-0cf0174ab522,3805645a-a302-4866-af32-eab23db16d60,hoa thiên lý và hoa hướng dương mix,2026-03-02 19:55:11.000000
71be05f0-cfba-4961-b9f7-e429248d2c1e,531547a3-9d5e-4cca-b9d2-f673f898b857,"đá
",2026-02-20 03:01:19.000000
c2f01b72-efe7-427c-a862-854b3fc90f04,10288960-6cae-492c-98cf-af409204cde3,"núi tuyết và rừng hoa đào cùng với cô gái đang đứng đó
",2026-03-14 12:57:58.000000
4d136393-4042-43f7-b546-020f4be2e497,996269ad-8998-4388-8a7b-1218e2456406,"Thiết kế khăn bandana hình vuông với họa tiết hai con gấu dễ thương ở trung tâm, phong cách hoạt hình, màu sắc tươi sáng, bố cục đối xứng, pattern lặp lại ở các góc, thiết kế phù hợp in trên vải bandana.",2026-02-26 22:58:10.000000
6c9496e3-3654-4c5c-a1ab-bf2cf671109e,9b3cb18f-3ef1-4294-ae79-96a92bf775f1,boxing,2026-03-02 02:09:13.000000
d2699128-252b-42de-a804-8db518311cec,8ca65e34-4d2a-4a23-b747-67f3b577df97,"boxing
",2026-02-23 04:36:00.000000
0a98c219-4efa-4093-88f5-296b946e4ba7,614284c7-7d4c-4c73-a8b4-5ecaa75923dd,"đá
",2026-03-06 00:33:13.000000
7d625491-0219-4e55-bbde-7f90d8b728ba,ddb62363-0eeb-44bb-93dc-7cf6e58ee53a,Dragon,2026-03-11 21:39:00.000000
6ebf93db-d5bb-4416-995a-72f450f1010c,95330afe-d136-48ef-85e9-7384a1d6a779,Khăn bandana hình còn gấu trúc ,2026-03-06 11:05:19.000000
314c9209-9fda-4ada-903c-c8946df96794,6b1311a1-7dbc-4f6e-8411-669876d3b402,"Thiết kế khăn bandana hình vuông với họa tiết lặp lại (seamless pattern), phong cách streetwear hiện đại. Trung tâm là họa tiết paisley truyền thống kết hợp các đường nét hình học. Màu chủ đạo đen và đỏ, điểm nhấn trắng. Thiết kế cân đối 4 góc, chi tiết sắc nét, phong cách thời trang, phù hợp in trên vải bandana.",2026-03-08 00:59:19.000000
ff55c509-79d0-4331-aa57-b98a0095c1c1,040275e9-f598-4681-90fb-322c2e17dd07,Lá mùa thu hà nội hoạt hình,2026-03-05 19:34:53.000000
32a43f3f-9767-4945-99cb-489e5fa4c5fa,c4a012b2-f0c8-4a29-aceb-e1684d0e5ae7,Realistic portrait of an old man with wrinkles,2026-03-11 00:33:52.000000
154c116f-415d-4219-bf7d-3e275435ed66,d1a8ab0f-c03e-4295-922b-160ebfa0d696,"tuyết rơi cùng người tuyết
",2026-02-28 03:24:51.000000
127e74b2-5dd5-4693-b6e9-9c46319673ea,0d59a491-b592-48b1-81b5-93c0d931a95b,Watercolor painting of a blooming garden,2026-03-08 03:04:27.000000
e511e399-f33e-47ee-bef5-7ff65ae46513,e6f83988-a9da-4bb2-9526-728e65c26e56,Lá mùa thu hà nội,2026-03-07 12:10:29.000000
d18a4d24-59c5-43b4-a169-4c59f181f8f7,c2bfc332-7935-4bf2-9767-c15693a21b9c,boxing masterpiece,2026-02-25 01:25:48.000000
8a40b86e-453a-4c15-bf90-c831fba512ac,6f6536cc-eed1-4a0e-a63e-306cff79775e,Lá mùa thu hà nội,2026-02-21 15:59:52.000000
1fbb0edc-461c-4dea-8e2f-2633537ebf32,aa38a668-4ea1-4f19-973b-19f4f898fad7,"họa tiết phù hợp sinh viên
",2026-02-24 23:13:21.000000
579b706d-5d02-41c4-9d8f-bf86a418f05e,c9095f1e-5350-427d-9911-d62ffdf8132a,Realistic portrait of an old man with wrinkles realistic,2026-02-23 19:01:03.000000
caec224c-9f11-4e18-b7bb-15e041a81404,27bbe5f4-d9ea-4d30-af58-609b1534760f,Tết vào đẹp,2026-03-10 02:06:38.000000
269c26a7-b9eb-4538-928e-de56178871a0,a5e7de84-0c1d-4b83-bfc7-2274f935e36c,Tết vào masterpiece,2026-02-25 23:54:16.000000
f2c2acd7-6e77-40fa-b11e-b4cf521b33c2,9dfb3b9d-a2fc-45b6-9511-cfaf0c3972a7,"con vịt giữa bãi biển và bờ cát vàng cùng với mặt trời hoàng hôn
",2026-02-27 22:53:41.000000
29a6b58e-21c2-4789-b8ed-252c27bb3482,3429026e-769c-4809-9486-ab116b85227b,"Trứng vịt ở giữa đồng cỏ
",2026-03-02 05:48:41.000000
6af0025b-014e-4fda-b74a-6e4c8caaeb25,4fa90ce6-9024-4fa8-a1a9-aede93a99668,Phi hành gia đang lướt sóng trên mặt trăng hoạt hình,2026-03-10 04:55:51.000000
5ea7be79-bda3-4adc-bf10-dc5d18bc6fe8,ccc32ff2-b69e-45af-9c3e-eef28c3b1297,con gà,2026-03-04 00:33:02.000000
2e1496b0-a3a0-4480-9ed4-b9b7a535d086,a647ba02-ed81-4401-acbd-4df62ec98e7a,Tên lửa  masterpiece,2026-02-21 21:44:09.000000
f1031c38-ff61-4650-bfc8-441654d62529,a4adcd01-7b2b-493c-9560-b2f8013f5eda,"rocket
",2026-03-06 22:20:35.000000
df201aad-2392-4f42-8ba2-2742d1f97ddc,ddb62363-0eeb-44bb-93dc-7cf6e58ee53a,"Luxury square silk scarf design, artistic ocean waves meeting golden beach sand under a glowing sunset, flowing curves inspired by sea tides, warm sunset palette (amber, coral, soft pink, lavender), delicate hand-drawn illustration, subtle watercolor and silk texture, elegant ornamental border with seashells and starfish, symmetrical composition, refined coastal aesthetic, fashion textile pattern, sophisticated bandana design, ultra detailed, high resolution realistic",2026-03-14 10:27:06.000000
bf26b8ec-f003-44a3-b0a1-178699fece06,c58e71f4-5834-43bf-b7a6-bdde556bbce0,gấu,2026-03-07 15:31:00.000000
fb2e6ac0-b4fe-4e7c-808d-8dc60b27714e,95099945-ddba-486e-96f4-33ebda5036a5,"đá
 masterpiece",2026-03-08 16:34:18.000000
36a45cdb-6f33-4f35-9e72-d5abb5880fdc,ea1f6e2e-0112-4d05-9ad4-141190ca59e3,tạo khăn cho bst mùa đông,2026-02-25 00:19:31.000000
149eabcf-32e2-414e-978d-97ce04ce8686,dd0ebc29-d11e-462f-8080-d70b6c468f4a,"họa tiết phù hợp sinh viên
",2026-02-20 15:30:28.000000
00a27504-cb84-4773-9efb-ef34bea1dd90,dda4253f-917a-4c17-aee3-6698da64fb71,tạo khăn cho bst mùa đông,2026-02-20 09:27:58.000000
3b29c096-5d9d-4921-b612-5249db0d7131,8c809800-3141-4735-9072-dceecbb38d65,"đá
",2026-02-25 08:42:52.000000
d37473b6-ee49-43ed-9667-939b9cc73590,f274cd87-a366-49a7-a960-3e7adc0024d0,Thiết kế logo công ty công nghệ AI,2026-02-25 04:16:43.000000
c690b087-f80a-4c3d-b6b5-f39c0542b2df,e8f708ac-db65-4c98-855a-c6666f54f08c,hoa loa kèn,2026-03-04 14:26:26.000000
6f4b19da-902f-444c-a7fb-1c5ddf31a484,49d504a5-eba8-4129-ac07-03d853f52d35,boxing,2026-02-23 23:51:06.000000
da536113-9884-4096-a887-a3ca71437ac3,9ab7c8a2-7d4c-4c3f-aa0a-455be10c6452,con chó,2026-03-02 20:32:33.000000
36f8457b-f6d2-4c4b-b682-e1506b3ebdc0,3429026e-769c-4809-9486-ab116b85227b,"gấu bắc cực\
 4k",2026-03-14 07:39:36.000000
eb5fc787-9d6b-458c-b88f-f0dddc754cb8,a868e0c6-444b-4ae3-8bf2-344b3a0fea22,"họa tiết hip hop, đen trắng
 hoạt hình",2026-03-10 09:09:43.000000
c7a2a518-e961-4b1b-a19f-c247bbe32632,38512924-9668-4142-9f1d-4f65e060d075,"Design a seamless bandana pattern for a Summer Collection. Tropical vibes, vibrant color palette (coral orange, turquoise blue, sunshine yellow, palm green). Elements: palm leaves, hibiscus flowers, ocean waves, sun icons, abstract geometric accents. Modern minimal line art mixed with soft watercolor textures. High contrast, fashion-forward, trendy Gen Z aesthetic. Square composition, centered focal frame border typical bandana layout. Detailed, print-ready, vector style, ultra high resolution, seamless repeat pattern.
",2026-03-02 11:45:06.000000
7127abfa-f8bb-48e8-aaba-b150f3fac450,b771cea2-2b1a-4a19-a0ff-375df3c2db79,Lá mùa thu hà nội,2026-02-21 02:57:46.000000
87f7dd00-ef21-4c78-98f4-6ba8f41d2c2e,789411af-c27a-4633-93d5-9e0bc17d0f18,Tết vào,2026-03-03 16:03:34.000000
7b7dd525-f1ef-46f2-9b5b-89df4ade6b58,47cb13c6-ea2f-4e3a-96bf-cc320eae0632,"Thiết kế khăn bandana hình vuông với họa tiết lặp lại (seamless pattern), phong cách streetwear hiện đại. Trung tâm là họa tiết paisley truyền thống kết hợp các đường nét hình học. Màu chủ đạo đen và đỏ, điểm nhấn trắng. Thiết kế cân đối 4 góc, chi tiết sắc nét, phong cách thời trang, phù hợp in trên vải bandana.",2026-03-04 13:21:46.000000
8b374d7f-2610-404f-92fa-ee6d510d5820,5e75573c-7525-4761-997e-b9b8c9ad7aee,Lá mùa thu hà nội,2026-03-01 22:41:03.000000
b3616334-0346-4409-9447-b4db6f7a45d0,5fa54eb2-209c-4903-baa8-d7a8e2914a0a,Watercolor painting of a blooming garden,2026-02-23 04:11:01.000000
6bf671fa-5b3f-4a82-85f9-d24e1dd84281,84babc1b-d1f3-4b3a-930a-3634751a076c,"Design a seamless bandana pattern for a Summer Collection. Tropical vibes, vibrant color palette (coral orange, turquoise blue, sunshine yellow, palm green). Elements: palm leaves, hibiscus flowers, ocean waves, sun icons, abstract geometric accents. Modern minimal line art mixed with soft watercolor textures. High contrast, fashion-forward, trendy Gen Z aesthetic. Square composition, centered focal frame border typical bandana layout. Detailed, print-ready, vector style, ultra high resolution, seamless repeat pattern.
",2026-02-22 12:26:22.000000
9a3c1af8-0a0b-40b3-ba0b-0834d08b64c1,3bd38538-e72f-4142-8887-324de41a7b47,Bức tranh phong cảnh núi rừng mùa thu,2026-03-06 00:21:24.000000
5eeeec7f-a706-47cc-9c9c-a22c8408db93,f66c55dd-31c9-4733-b2b0-5cd2cbd5b557,Lá mùa thu hà nội,2026-02-26 07:56:37.000000
75a412ae-6448-491b-bf60-cfd2d22ae305,e967ce7e-4283-4fba-8a9b-a6ad0b25b2e1,"rocket
",2026-02-25 20:06:29.000000
e70b57e3-5f76-4f6d-bc13-9f3d6b228f9c,3dedf8b8-c4c2-4a7e-9b06-58ca0bd4d54c,"Thiết kế khăn bandana hình vuông với họa tiết hai con gấu dễ thương ở trung tâm, phong cách hoạt hình, màu sắc tươi sáng, bố cục đối xứng, pattern lặp lại ở các góc, thiết kế phù hợp in trên vải bandana. đẹp",2026-02-20 16:12:49.000000
b20367bf-aa9b-4ec1-a981-3a4f8fb3f0e1,e984f545-b306-4363-8b00-3e2a523d9f4e,"đá
 4k",2026-02-26 09:47:03.000000
accc5f5d-0295-493c-88aa-27dcbfd7b064,65548624-be68-4611-8098-eab088867177,hoa loa kèn,2026-03-06 18:22:02.000000
bdffc0af-c320-4cd5-bb23-0bc9884f391c,9ea948a2-417e-43b6-8300-ef5e750e6d25,hoa văn sen,2026-02-27 02:46:22.000000
4c9c64a1-0fca-4023-b5c9-8183f4cbeffe,a85509c7-52fd-4a42-8538-298f35db7144,"tuyết rơi cùng người tuyết
 masterpiece",2026-02-23 05:21:25.000000
2d78435d-b4bb-41f6-b433-fd4b51a9d2aa,3995c91c-87c0-49af-a23a-e16bb7f3b604,hoạ tiết tết 2026 đẹp,2026-02-24 11:23:30.000000
eab42012-1cba-481a-9087-9c061bec0065,01a3c256-043c-4a6f-badc-c5b3e77f0e61,boxing realistic,2026-03-10 04:22:08.000000
4815bbb4-2f0b-4ddd-8116-730ed22e61a3,f66c55dd-31c9-4733-b2b0-5cd2cbd5b557,Chó mặt xệ mặc vest đen,2026-03-01 21:54:12.000000
51ec11f9-5e96-4286-81a4-a9c797886232,7b5b59d2-4f56-48a7-a592-c6c047a30f3b,Phi hành gia đang lướt sóng trên mặt trăng,2026-03-02 05:48:25.000000
8fa633cd-37d2-43cd-9382-08c334738fcf,25911cc4-b08b-4ac3-a6ed-11c1aad0736a,Một con mèo đang bay trên bầu trời,2026-03-02 16:51:09.000000
5bf97470-2f22-44f2-b755-dceeee0b97aa,4d94fddf-f172-42ce-af92-7975e002ae46,tạo khăn cho bst mùa đông masterpiece,2026-02-27 00:33:27.000000
385e4a34-cf3b-418f-b6f6-3e93864aedf4,b0cd34b7-15b2-49b5-98bf-829dacd97180,"Tết 2026
",2026-03-14 04:57:15.000000
e086776e-42cc-4b4e-b0dd-293bf318f8a0,59b09df9-c0f5-42bf-92cb-9379fc5b201e,"đá
",2026-03-01 12:39:02.000000
dbeba622-25d6-4efe-af73-89c211ee0c06,3bd38538-e72f-4142-8887-324de41a7b47,Yêu em đẹp,2026-02-25 20:08:51.000000
66c1799b-1e79-474b-95fe-91b49fb2df6c,2e1eedd0-97ce-4374-8acb-aa10f996b7ba,Phi hành gia đang lướt sóng trên mặt trăng,2026-03-09 14:48:05.000000
be45684e-7bb1-4464-9d64-83e2c406d812,4fa90ce6-9024-4fa8-a1a9-aede93a99668,"Sông nước
",2026-03-07 01:27:33.000000
76fb1f1f-64fe-4a16-bbf3-79b77ddf267b,0a46a46c-17ca-4f25-b89c-4b1d1f48b3a6,"Design a seamless bandana pattern for a Summer Collection. Tropical vibes, vibrant color palette (coral orange, turquoise blue, sunshine yellow, palm green). Elements: palm leaves, hibiscus flowers, ocean waves, sun icons, abstract geometric accents. Modern minimal line art mixed with soft watercolor textures. High contrast, fashion-forward, trendy Gen Z aesthetic. Square composition, centered focal frame border typical bandana layout. Detailed, print-ready, vector style, ultra high resolution, seamless repeat pattern.
",2026-02-28 04:38:02.000000
4d6306a7-66d8-4348-bfb3-fce807c3ab30,c2307cce-c228-48b1-a244-29665616ed0c,Lá mùa thu hà nội,2026-02-23 00:47:25.000000
2ab0cc8e-70e5-452e-9e53-8ef8fe5b69c2,5cc6c166-5e52-4cbc-a110-eb0e5be2f9e3,hoa thiên lý và hoa hướng dương mix sáng tạo,2026-03-12 03:18:21.000000
ff5cff03-61dc-44a8-9a14-35673a61dc3d,a647ba02-ed81-4401-acbd-4df62ec98e7a,"tôi muốn một cái khăn màu xanh nước biển, hoạ tiết sóng biển, bãi cát vàng giữa hoàng hôn",2026-02-27 12:47:07.000000
d61ae4f6-4038-4e65-bf45-e0a49d942e2f,e2cf11ab-0213-4e4a-8b0a-ddb678c56d98,"đá
",2026-03-07 17:50:48.000000
068bfc23-5d9f-48fa-bc6c-fc1fcc90960a,001f054f-0281-482b-8e9f-b21ca7c30477,"Trứng vịt ở giữa đồng cỏ
",2026-03-02 03:19:47.000000
d1e8549e-5fe4-4f11-8775-7c9e4c8ca8a2,e967ce7e-4283-4fba-8a9b-a6ad0b25b2e1,Tết vào hoạt hình,2026-03-07 07:38:39.000000
7825acd3-8813-409a-9330-1442c6796bc7,10288960-6cae-492c-98cf-af409204cde3,"tuyết rơi cùng người tuyết
 masterpiece",2026-02-22 19:01:31.000000
aab2a1e0-12a3-46b6-8327-aff750a94548,8703f78a-43b9-41fe-8b38-cbfcff383e67,"con vịt giữa bãi biển và bờ cát vàng cùng với mặt trời hoàng hôn
 đẹp",2026-02-24 07:32:37.000000
2ed829f6-36eb-4a29-b19a-1daf512ef1c7,7f93b64e-ebff-4d77-b543-7da4ccb1d40a,Chó mặt xệ mặc vest đen,2026-02-21 09:44:04.000000
55037b74-bef1-4931-a0cd-c897608b4b6c,e3edab71-b94c-4b5b-917f-f713e9700b55,"tôi muốn một cái khăn màu xanh nước biển, hoạ tiết sóng biển, bãi cát vàng giữa hoàng hôn",2026-03-05 16:03:10.000000
e0872de3-203d-4fe4-ac6c-124cb5a2c6d8,cc7dcb82-ce96-4e02-9fa2-bb42e96c3dd5,Anime style girl with colorful hair masterpiece,2026-03-13 18:41:20.000000
066aff09-29c9-44e6-9f75-d22867d8dfdc,b225af2c-8cd3-440b-a072-6a884f7a817c,đá,2026-02-21 09:56:13.000000
17253a47-cd25-4ae9-abd8-ad0ca03c9dd4,21b6e450-6de0-48e3-8a06-13cafeb1c9e1,con chó đẹp,2026-03-11 13:50:20.000000
c5d6a74b-0b66-41ac-af4d-7fe93266e56c,dbdde2de-c0c6-4d0d-81ad-cdae81212341,Ngôi nhà ma ám trong rừng sâu,2026-02-22 11:46:13.000000
50bf0ac4-9a92-4a3d-8413-f99274203253,789411af-c27a-4633-93d5-9e0bc17d0f18,chồn đáng yêu,2026-02-23 15:06:25.000000
6825c106-817e-46e2-95c0-f5b293027b6b,a647ba02-ed81-4401-acbd-4df62ec98e7a,"họa tiết phù hợp sinh viên
",2026-03-14 03:58:04.000000
1a602855-3652-4594-9b8e-c00dcd6c2760,b771cea2-2b1a-4a19-a0ff-375df3c2db79,"đá
",2026-03-03 18:58:22.000000
a8b3f22b-b3ed-405f-bc1e-ae9ea601f971,21088129-627b-428c-b8f3-8b0b3342aa51,con chó,2026-02-28 23:35:59.000000
958d292a-82cd-4b5d-9fa5-d6020b21d524,88c7c0ae-6e9a-4492-b402-6202cea92e2e,hoa văn biển mùa hè,2026-03-07 09:51:59.000000
d5797091-784d-4f1c-999f-fb45e9971232,88c7c0ae-6e9a-4492-b402-6202cea92e2e,"tôi muốn một cái khăn màu xanh nước biển, hoạ tiết sóng biển, bãi cát vàng giữa hoàng hôn",2026-03-13 20:12:32.000000
9aaed0a3-160b-4e7a-863b-ef86e1cfd5e7,9b3cb18f-3ef1-4294-ae79-96a92bf775f1,con gà đẹp,2026-02-21 21:32:48.000000
86f7ffaf-4f8d-4849-a5b1-87f69ef8e0b7,3917da44-1945-4dec-87a7-55aac5fa684f,"đá
",2026-03-13 03:04:09.000000
b53677aa-1f88-46ac-b082-548cbde994e2,c2c3f353-787c-42a0-9486-4c69d3b5bbe7,hoạ tiết tết 2026,2026-03-13 22:41:38.000000
55fad19b-0a55-4ae4-b9a5-1f6e51f926e5,4bc377e2-264c-4e4a-bf1c-6a9cc97035a2,"tôi muốn một cái khăn màu xanh nước biển, hoạ tiết sóng biển, bãi cát vàng giữa hoàng hôn 4k",2026-02-24 18:03:18.000000
6175d227-7a46-4dcd-8ce1-133587fcb06e,f7134c2f-54b9-400f-b8f9-cb73685554c3,"boxing
 sáng tạo",2026-02-26 12:02:29.000000
293b389b-6419-4cbd-8b26-9ae2d89206ac,ff848474-b547-4fc5-b4b0-27b354e4121c,"tôi muốn một cái khăn màu xanh nước biển, hoạ tiết sóng biển, bãi cát vàng  hoạt hình",2026-02-23 01:55:03.000000
5b1e9962-a0ef-4ea3-a9fd-044e64717c8e,3808d88e-bbba-4190-a05d-adab3e1881a0,chồn đáng yêu,2026-03-13 10:49:55.000000
f6bdefc1-717b-4d32-a08f-1b2a42cca085,0770afa0-5b80-46d1-ab62-b5ce46df7f15,hoa văn biển mùa hè,2026-03-14 21:16:53.000000
8222b371-12bf-4980-8d3a-769737b8d087,95330afe-d136-48ef-85e9-7384a1d6a779,"họa tiết phù hợp sinh viên
 sáng tạo",2026-03-03 10:41:58.000000
5ba8df08-8160-40cf-b3a8-54bbcaa7c85b,b427be6f-b72c-4e71-87fb-8beab0f48f7d,siêu nhân trump,2026-02-22 02:08:09.000000
cd6ddd4c-6e9c-41cc-9d12-2a98cef16a4e,abc8e660-df7a-424a-8fde-9653ff0f089e,tạo khăn cho bst mùa đông,2026-03-01 04:12:33.000000
f4995e43-08de-4ace-ab09-a417f3a5d1ca,a5e7de84-0c1d-4b83-bfc7-2274f935e36c,"rocket
",2026-03-13 20:15:41.000000
9eb286e4-b245-4138-8dc2-2d7a0d738f99,bd8a1352-191c-41f8-9a58-dc1056513d2a,tạo khăn cho bst mùa đông realistic,2026-03-12 22:10:33.000000
a0dca1ef-832f-4063-aaed-151505984ea1,c4a012b2-f0c8-4a29-aceb-e1684d0e5ae7,"Design a seamless bandana pattern for a Summer Collection. Tropical vibes, vibrant color palette (coral orange, turquoise blue, sunshine yellow, palm green). Elements: palm leaves, hibiscus flowers, ocean waves, sun icons, abstract geometric accents. Modern minimal line art mixed with soft watercolor textures. High contrast, fashion-forward, trendy Gen Z aesthetic. Square composition, centered focal frame border typical bandana layout. Detailed, print-ready, vector style, ultra high resolution, seamless repeat pattern.
",2026-03-13 18:59:51.000000
367982f6-a282-478b-9749-79c21ff037a8,e2cf11ab-0213-4e4a-8b0a-ddb678c56d98,Chó mặt xệ mặc vest đen,2026-02-23 15:26:25.000000
dcd48506-5bed-4f05-ab49-e85b2e981c0a,9c1e4c08-4c60-4f51-9c88-e8dbffe851e7,"Thiết kế khăn bandana hình vuông với họa tiết hai con gấu dễ thương ở trung tâm, phong cách hoạt hình, màu sắc tươi sáng, bố cục đối xứng, pattern lặp lại ở các góc, thiết kế phù hợp in trên vải bandana. sáng tạo",2026-03-12 03:06:44.000000
e17a910b-38ef-4c76-b65a-c89a256ec6e1,bc7c8dd7-afba-422d-8461-f70df34d3833,"tôi muốn một cái khăn màu xanh nước biển, hoạ tiết sóng biển, bãi cát vàng giữa hoàng hôn",2026-02-26 12:07:12.000000
73167ad5-3fcf-4aae-90d3-33a204035892,eb45a3f2-7480-4a1f-8e14-290715e2da12,Tên lửa ,2026-03-06 22:58:03.000000
45b35b7e-6b2e-4f1d-afac-c9cd37f8ce13,6f6536cc-eed1-4a0e-a63e-306cff79775e,"họa tiết trẻ trung, phù hợp sinh viên",2026-03-05 08:35:29.000000
04af800c-88fb-4ad7-9956-1681f6e9677b,84cb48b8-fc40-48a4-97a3-2d15e81e4d7f,"rocket
",2026-02-23 06:07:23.000000
e9169dff-29b8-4b6a-9ded-c336e1889d10,d8247c93-5e07-4570-bcba-b4dc5ff19123,Tên lửa  hoạt hình,2026-03-03 19:51:58.000000
8935a6d2-4ee2-40aa-8f59-6faf0ea1b1d7,26ffbddb-33b2-49e4-92b8-68dcd2824d21,"hình spiderman trong noway home
",2026-02-22 17:13:59.000000
aaa15261-54b2-402e-849f-b07f32e03c36,aa38a668-4ea1-4f19-973b-19f4f898fad7,"núi tuyết và rừng hoa đào cùng với cô gái đang đứng đó
",2026-02-27 20:56:34.000000
9cdd33a4-b2f3-40bc-99e8-802deb44e40b,dda4253f-917a-4c17-aee3-6698da64fb71,Lá mùa thu hà nội,2026-03-02 13:01:35.000000
4eff996d-25cb-499f-927c-14ed7cff9a83,85a23f1d-0e47-4903-a49c-62e7ee910b3d,"đá
",2026-03-04 17:40:05.000000
e3413012-49c7-4e9f-967b-4d25065a10a5,84cb48b8-fc40-48a4-97a3-2d15e81e4d7f,Yêu em,2026-03-12 04:23:34.000000
0eed5f49-bb10-44c6-90e6-1c1005769360,16aa5364-1316-42c0-bfe3-17c9de36cdb1,"Tết 2026
",2026-03-12 19:29:27.000000
b366c90e-0a62-41a2-ba83-f0031ea4d438,80b2f4a2-c8b0-4c59-94f3-33f1c2ef2354,"Thiết kế khăn bandana hình vuông với họa tiết lặp lại (seamless pattern), phong cách streetwear hiện đại. Trung tâm là họa tiết paisley truyền thống kết hợp các đường nét hình học. Màu chủ đạo đen và đỏ, điểm nhấn trắng. Thiết kế cân đối 4 góc, chi tiết sắc nét, phong cách thời trang, phù hợp in trên vải bandana.",2026-02-28 05:36:10.000000
09d58438-fb5b-4c59-aab2-bfaeac20826f,27e1b922-7bd4-4178-ad1b-5f4442d81516,Realistic portrait of an old man with wrinkles 4k,2026-02-25 10:34:09.000000
a99c0945-1ce6-4692-8f38-d1fa3dc483cb,299a1f4a-ecf8-44e9-a1a5-5ca131b3a6bf,"tuyết rơi cùng người tuyết
",2026-02-27 15:20:22.000000
2c8f3796-ce0c-4d62-b323-5f60f1e347f8,c1815d8d-0b98-43f4-b948-cfcae1ed80ae,"Design a seamless bandana pattern for a Summer Collection. Tropical vibes, vibrant color palette (coral orange, turquoise blue, sunshine yellow, palm green). Elements: palm leaves, hibiscus flowers, ocean waves, sun icons, abstract geometric accents. Modern minimal line art mixed with soft watercolor textures. High contrast, fashion-forward, trendy Gen Z aesthetic. Square composition, centered focal frame border typical bandana layout. Detailed, print-ready, vector style, ultra high resolution, seamless repeat pattern.
",2026-03-06 18:11:25.000000
bb5d44f1-4d26-4259-bfb6-a45de863852b,b225af2c-8cd3-440b-a072-6a884f7a817c,Lá mùa thu hà nội,2026-02-24 15:34:23.000000
bdaa49c9-9aaf-430e-b6e6-6eb94133f4f8,f66c55dd-31c9-4733-b2b0-5cd2cbd5b557,hoa sen hoạt hình,2026-03-02 07:47:18.000000
97bbbbdd-5627-4427-8ad6-7277f03cd300,65bf8550-d1a5-44e7-99d3-6f48909be941,mèo và tuyết rơi cùng ông già noel,2026-03-06 13:49:39.000000
79635c68-f684-4732-ab4f-59ad4f53f63b,5fa54eb2-209c-4903-baa8-d7a8e2914a0a,con gà đẹp,2026-02-28 11:35:22.000000
ccf4ed49-3dd9-40da-81f3-8b99a42da0dc,15fd6605-eac5-47dc-b234-3c51f257b0f8,"gấu trắng

trong chúng tôi đơn giản là gấu",2026-02-22 12:27:14.000000
91770551-0547-4fb0-99d2-b2d67273f29a,348aee40-feea-4006-af47-519b806980b2,chồn đáng yêu,2026-02-25 18:00:33.000000
280cd2f5-050d-4cfc-836f-ce52eb7781bf,9ab7c8a2-7d4c-4c3f-aa0a-455be10c6452,hoạ tiết tết 2026 realistic,2026-03-05 13:07:11.000000
fadaa466-4e96-4506-b224-3fbfdfa5b809,a0dc5556-4c18-4678-9dab-b940d9745aba,"tôi muốn một cái khăn màu xanh nước biển, hoạ tiết sóng biển, bãi cát vàng giữa hoàng hôn",2026-03-08 11:55:24.000000
c5d5f219-7cd4-4c7b-bf4e-0319c90b93f9,0dae66af-39f9-4fcf-8999-9b0d65d1ae31,"gấu bắc cực\
",2026-03-03 12:20:11.000000
3653f661-d76d-4163-8cfd-b2833ab973eb,ccc32ff2-b69e-45af-9c3e-eef28c3b1297,hoạ tiết tết 2026 hoạt hình,2026-02-22 09:07:27.000000
508a135e-8075-4ddb-b605-a6260e4d51ec,789411af-c27a-4633-93d5-9e0bc17d0f18,hoàng tử và công chúa,2026-02-27 16:39:08.000000
38f59c5a-c580-4ae1-8466-af901e12794a,aa38a668-4ea1-4f19-973b-19f4f898fad7,"3 thằng spiderman trong noway home
 sáng tạo",2026-02-23 14:41:04.000000
8152785d-320c-48d6-a86f-76565808e7a8,ba40b02e-f6e1-4ae2-be58-b684101ec3ce,hoa loa kèn hoạt hình,2026-02-22 14:43:15.000000
fa9d71bb-46d0-4a86-a718-0fae53e9cc22,84cb48b8-fc40-48a4-97a3-2d15e81e4d7f,Bức tranh phong cảnh núi rừng mùa thu,2026-02-27 18:29:03.000000
e2f97b26-2da7-4271-9a85-c6cc2df8d1c6,b427be6f-b72c-4e71-87fb-8beab0f48f7d,"con vịt giữa bãi biển và bờ cát vàng cùng với mặt trời hoàng hôn
",2026-03-14 12:55:15.000000
32ebe12d-4d73-44bb-bedb-003b2342d4e3,3805645a-a302-4866-af32-eab23db16d60,hoa văn bướm,2026-03-12 19:15:58.000000
8e4c637d-960e-435d-876b-68c8ff4fb8a7,7c8ee6e6-530f-415f-bb24-284452dd93e3,"đấm nhau
",2026-03-05 06:43:54.000000
66b0213a-d11a-41aa-892f-068ef0bae3d1,ea1f6e2e-0112-4d05-9ad4-141190ca59e3,Một con mèo đang bay trên bầu trời,2026-03-07 01:59:21.000000
dc0affe9-5d88-4d6c-95f2-1fcf90a9ec06,ccc32ff2-b69e-45af-9c3e-eef28c3b1297,"họa tiết trẻ trung, phù hợp sinh viên realistic",2026-03-06 16:58:55.000000
e57a6ff8-0770-417f-afb8-22163d04ebc7,e6e726f3-26dd-450c-bf49-c76bef731cf0,Tên lửa ,2026-03-04 19:25:16.000000
c63423d5-c5fd-473a-8b8b-66f7b0efba37,7d57c761-5804-4bcf-b89a-cd04945cf82c,"đá
",2026-03-10 11:23:15.000000
fd5328d0-2932-4038-befe-1cc9e97dc33a,27ccf7a4-74b0-421d-ac99-273644e13380,"tôi muốn một cái khăn màu xanh nước biển, hoạ tiết sóng biển, bãi cát vàng ",2026-02-27 14:35:59.000000
1d45e459-8126-4c38-bab3-6eae100c5c39,abe78541-fac2-470c-8426-73efcebad99f,"họa tiết trẻ trung, phù hợp sinh viên",2026-03-07 10:21:10.000000
be3dc905-d619-4dcb-ba87-c2480d6b0561,a5e7de84-0c1d-4b83-bfc7-2274f935e36c,"Thiết kế khăn bandana hình vuông với họa tiết hai con gấu dễ thương ở trung tâm, phong cách hoạt hình, màu sắc tươi sáng, bố cục đối xứng, pattern lặp lại ở các góc, thiết kế phù hợp in trên vải bandana. realistic",2026-03-08 22:50:29.000000
7cffd17c-e3e9-4fc7-b421-98bce819da60,8e8a63af-cf4e-4128-9a3d-3de268ad9adf,Tết vào 4k,2026-03-05 07:30:09.000000
1064b6dd-249e-4cc4-866b-aac1f98867be,df4b15d9-edd8-4fc3-a10a-233a2d0f612d,"tôi muốn một cái khăn màu xanh nước biển, hoạ tiết sóng biển, bãi cát vàng ",2026-03-06 15:02:56.000000
307686f2-a9bb-4182-b63b-1ba8ecc46b96,df4b15d9-edd8-4fc3-a10a-233a2d0f612d,hoạ tiết tết 2026,2026-03-07 09:37:01.000000
97ebdc8c-3276-452e-88f1-a0a816028017,4e785ae9-9671-43b3-b896-6ac2411083c3,"rocket
",2026-02-21 15:40:26.000000
7d418b0d-3e74-4edd-9173-3667c1f6d4d9,16aa5364-1316-42c0-bfe3-17c9de36cdb1,một chút gấu và tuyết rơi cùng ông già noel,2026-02-27 14:29:10.000000
2723852d-1a51-4407-be5c-0e7f41a1ea66,eb45a3f2-7480-4a1f-8e14-290715e2da12,"Thiết kế khăn bandana hình vuông với họa tiết hai con gấu dễ thương ở trung tâm, phong cách hoạt hình, màu sắc tươi sáng, bố cục đối xứng, pattern lặp lại ở các góc, thiết kế phù hợp in trên vải bandana.",2026-03-01 08:36:51.000000
ba059c24-bb2e-454e-b591-34a73d15e618,8c809800-3141-4735-9072-dceecbb38d65,hoàng tử và công chúa,2026-02-28 13:30:18.000000
0237c62f-afa9-49fb-b63f-4ffc72ee7a83,d6c8f3ff-bd1c-4c17-81d2-e199110c1c56,"rocket
 masterpiece",2026-02-24 22:46:27.000000
773f6a6f-0ffe-4d11-b810-601c59880586,0b193e0c-ebb9-4ee1-85d5-c5c0a9141870,Lá mùa thu hà nội,2026-02-27 11:35:33.000000
8bbc6c14-0ec8-4a59-9e14-9353e0727e8d,1dfd4e33-fbbd-4895-b7f0-b3d7df962502,Chó mặt xệ mặc vest đen 4k,2026-03-12 22:02:18.000000
6a71470a-aec0-4c15-a9ba-91c1d7d4d771,95b7bc2b-eda5-4e1c-ae84-9c55f5177b34,hoạ tiết tết 2026,2026-02-23 17:25:27.000000
2904d979-612a-4caf-8aad-b8b61819eab5,69ef4915-4ecb-4885-bb2b-cd09a1c0d251,"con vịt giữa bãi biển và bờ cát vàng cùng với mặt trời hoàng hôn
",2026-03-09 21:44:25.000000
b8ea99e5-a45b-419f-81db-2715ed69835a,953bfbca-4988-47ae-9629-93ed4e3640d0,"gấu bắc cực
",2026-03-01 04:50:12.000000
e39c0a19-2c33-4c23-a975-94105b6742be,37e1d9b4-9752-4bd4-b496-22524edcd4f9,Anime style girl with colorful hair,2026-03-03 16:37:04.000000
4e4b7c1e-4029-4f59-abb3-68a588fa4112,e6e726f3-26dd-450c-bf49-c76bef731cf0,Phi hành gia đang lướt sóng trên mặt trăng đẹp,2026-02-23 11:22:59.000000
020867f4-ed22-4fc2-9a10-949e6151331c,27bbe5f4-d9ea-4d30-af58-609b1534760f,"họa tiết phù hợp sinh viên
 sáng tạo",2026-02-26 16:24:40.000000
4bdc58f1-1df5-40a5-81e7-e92d723f501a,80b2f4a2-c8b0-4c59-94f3-33f1c2ef2354,Dragon,2026-03-11 03:01:05.000000
84379324-0f54-4acc-9c47-9343670e2ff8,ec396c9c-9395-4d74-9087-6cb2a3c7c224,hoa loa kèn,2026-03-07 05:00:39.000000
cda8ef07-687b-440f-96bd-facf46238cc6,ddc23018-dd1d-48ef-8e05-bfaea41cdad5,Realistic portrait of an old man with wrinkles,2026-03-06 09:23:58.000000
ae813d81-40ef-4cf1-a944-c6d454b5da24,16dcdf47-ee52-43c1-a334-dc1815bc8856,Chó mặt xệ mặc vest đen,2026-02-21 06:43:12.000000
ff7ede17-0eb8-4f52-8b55-730ed98e14ec,7f93b64e-ebff-4d77-b543-7da4ccb1d40a,Bức tranh phong cảnh núi rừng mùa thu masterpiece,2026-03-09 23:36:31.000000
7682ddad-5c8d-42e8-b721-142841f998a0,f6d84f29-42da-49cf-af64-c01e0b33ee58,hoàng tử và công chúa,2026-03-10 20:13:32.000000
14e3bd8e-50b9-4b5b-8bc0-53a2c6940db5,cb233a55-0fa9-4cdf-9b7b-cdb9f3bb0556,"họa tiết trẻ trung, phù hợp sinh viên realistic",2026-03-04 03:34:04.000000
1e5f59d3-2036-4730-9749-1d027718eb3e,ec396c9c-9395-4d74-9087-6cb2a3c7c224,Tết vào đẹp,2026-02-26 08:04:35.000000
4031cf78-53b7-4f07-8b36-bf8dbe055b8c,3bd38538-e72f-4142-8887-324de41a7b47,Tết vào 4k,2026-02-21 08:49:57.000000
3549a017-b189-4cd9-9532-8432e6447298,a600d22c-73a1-4978-9e19-aa7643de6868,hoa sen realistic,2026-03-06 18:24:05.000000
b0379f95-d2f6-421c-b680-142b19daf3dd,7b4ebc11-e8f4-41b0-b740-9beeb5147db0,"con vịt giữa bãi biển và bờ cát vàng cùng với mặt trời hoàng hôn
 hoạt hình",2026-02-21 06:34:58.000000
dce2db29-4c88-40d4-a2de-586a70d6afa2,9c1e4c08-4c60-4f51-9c88-e8dbffe851e7,Cyberpunk city art 4k resolution 4k,2026-03-09 09:38:29.000000
eea465ad-92a5-403e-90d8-cbf8a3fa7155,cc7dcb82-ce96-4e02-9fa2-bb42e96c3dd5,"đá
",2026-03-02 07:20:20.000000
7e57ef5e-f189-442b-b810-b135c127dc2e,ea1f6e2e-0112-4d05-9ad4-141190ca59e3,"boxing
",2026-02-27 06:31:33.000000
caa428fa-b02a-40b6-93c7-c2f11d920f96,95099945-ddba-486e-96f4-33ebda5036a5,"rocket
",2026-02-20 03:26:32.000000
a921b4a8-93c8-4892-8357-924856b97d67,69ef4915-4ecb-4885-bb2b-cd09a1c0d251,con chó,2026-02-20 12:26:33.000000
a51bbd8e-9b8b-45eb-b5f7-36a6a591bc5d,5959ce77-448a-4184-bdcf-ec16858913cc,siêu nhân trump,2026-02-25 18:02:41.000000
27d86e65-3e2b-483d-a619-3b9abca5ee44,f8c13c0e-a9ee-416f-acb5-e882aa100d6d,hoa sen,2026-03-05 01:47:26.000000
6d0a676b-cad9-4957-989f-87fa0c3fc749,d3eb8cc1-0e60-4572-901b-5b3b38cb36ab,"hình spiderman trong noway home
",2026-02-20 10:20:24.000000
850ad830-6a79-436c-83c1-f84fddaac9bc,1ec32fa0-a949-4401-b16d-1cf072fdbfaf,"tuyết rơi cùng người tuyết
",2026-02-23 03:55:07.000000
0f6618b3-9351-47ba-8d2d-6863d1b2bf68,f7134c2f-54b9-400f-b8f9-cb73685554c3,Watercolor painting of a blooming garden,2026-02-25 06:43:51.000000
e31cf237-5a69-467d-99a7-0d047af6f7be,ddc23018-dd1d-48ef-8e05-bfaea41cdad5,mèo và tuyết rơi cùng ông già noel,2026-02-28 09:57:55.000000
6a108bf6-da9f-4548-8829-3f01ea82343d,b95a5eab-fe7f-4be0-8561-d3cb815348bd,hoa văn bướm,2026-02-22 11:46:12.000000
646333be-fa6f-4c9d-ab1b-fc15156cb363,7c8ee6e6-530f-415f-bb24-284452dd93e3,Ngôi nhà ma ám trong rừng sâu masterpiece,2026-02-23 14:26:07.000000
031799d3-ad2b-4bf6-bee9-6ba9fdde6821,5eb9306c-130a-409e-a063-7578b0b56c33,hoa văn bướm masterpiece,2026-02-21 03:26:12.000000
5169084e-d12c-4236-8371-6a71b6af8877,299a1f4a-ecf8-44e9-a1a5-5ca131b3a6bf,"núi tuyết và rừng hoa đào cùng với cô gái đang đứng đó
",2026-02-23 03:44:43.000000
11203f21-fd38-4ed8-b6e1-a14eca4f2129,a647ba02-ed81-4401-acbd-4df62ec98e7a,Dragon,2026-03-14 18:45:32.000000
33607677-1c76-4451-ae96-ec3c3e0fd5c9,25911cc4-b08b-4ac3-a6ed-11c1aad0736a,mèo và tuyết rơi cùng ông già noel,2026-02-28 13:28:26.000000
60ec88b7-17f0-4f44-b670-e6ec9b913797,1d8e4f5b-8336-47d1-9a9b-cad584042c31,Tên lửa ,2026-02-24 09:19:40.000000
2a0f73f0-907d-49d6-b30f-c6f24400b300,ccc32ff2-b69e-45af-9c3e-eef28c3b1297,Realistic portrait of an old man with wrinkles,2026-02-24 01:30:34.000000
0ab71b1f-a3bd-42d0-a35c-28938ace07c7,276e4416-0ff1-4ed6-8a04-ee1de5a150ca,Tết vào,2026-02-27 14:29:21.000000
8ded2fa5-3f8a-4797-9c01-ffe4aa7f8bd9,3429026e-769c-4809-9486-ab116b85227b,"hình spiderman trong noway home
",2026-03-10 07:48:15.000000
c744830e-60f2-42ae-8ea8-0d30e2d27a29,e984f545-b306-4363-8b00-3e2a523d9f4e,Lá mùa thu hà nội,2026-03-05 18:06:59.000000
33d90f2a-bc34-4477-894e-ab535be1869d,fef0347c-4e2b-4ded-ae0b-e272ce4301de,Realistic portrait of an old man with wrinkles,2026-02-24 05:52:47.000000
989efdc6-5136-45e4-9b9d-4545b5fde522,8fb11f41-5dec-4495-b443-70b1192d1748,Cyberpunk city art 4k resolution 4k,2026-03-12 11:59:47.000000
18be41eb-9da0-4562-a1e5-d2874c48322f,e3edab71-b94c-4b5b-917f-f713e9700b55,"boxing
",2026-03-03 02:10:44.000000
b6f41b5d-d2f0-477a-9f57-110e83d4069b,0d33e51d-8ba0-4065-b089-65dd9846b88c,hoa loa kèn,2026-03-06 04:29:45.000000
efb6c60d-1779-4826-94d4-d1c152578ab9,79068a7f-a698-4001-99aa-cfaf395ff36c,Thiết kế logo công ty công nghệ AI,2026-02-21 00:00:12.000000
5698d948-5b2e-4aaa-8a4b-27fb15349280,fd9aaef0-7953-4b61-a687-c6b304972eb9,"họa tiết phù hợp sinh viên
",2026-02-28 13:16:36.000000
c8d19562-6129-4c6e-a60e-730996096d04,a647ba02-ed81-4401-acbd-4df62ec98e7a,hoa văn sen,2026-03-05 18:57:45.000000
99197f44-26bc-4b44-8332-5dddd7daaa70,6ba29922-c266-47de-bbfc-1c7255a7a267,Realistic portrait of an old man with wrinkles,2026-03-03 07:39:35.000000
e90282e1-7ae0-43d4-8fa8-6c1d4afd326d,25911cc4-b08b-4ac3-a6ed-11c1aad0736a,siêu nhân trump,2026-02-21 03:44:41.000000
5c05dab7-957d-4678-97fe-f460f7e605c1,7f93b64e-ebff-4d77-b543-7da4ccb1d40a,hoạ tiết tết 2026,2026-03-01 08:55:50.000000
2d1399cd-b7fa-4085-a88b-477c5bf96ad6,6ba29922-c266-47de-bbfc-1c7255a7a267,"Dân chơi ở dưới mưa cầm điếu cày và miệng nhả khói giữa chốn đô thị
",2026-03-03 21:39:17.000000
af4f5758-18bb-4717-8f76-caac7661ae93,1ec32fa0-a949-4401-b16d-1cf072fdbfaf,"họa tiết hip hop, đen trắng
 4k",2026-03-03 15:21:47.000000
964e0fcc-6a90-4017-9215-e8c731476aea,01a3c256-043c-4a6f-badc-c5b3e77f0e61,tạo khăn cho bst mùa đông,2026-03-12 13:06:54.000000
39bf0168-1bd3-443a-8f73-8eb8f60257b5,1dfd4e33-fbbd-4895-b7f0-b3d7df962502,"tôi muốn một cái khăn màu xanh nước biển, hoạ tiết sóng biển, bãi cát vàng ",2026-02-24 10:15:51.000000
5d259627-4db4-4cd3-b0d3-2d39c923c88f,4fa90ce6-9024-4fa8-a1a9-aede93a99668,hoạ tiết tết 2026 đẹp,2026-03-11 14:55:47.000000
58dba3cb-1615-4d74-b469-669bc5a5d398,df4b15d9-edd8-4fc3-a10a-233a2d0f612d,"hình spiderman trong noway home
",2026-03-04 03:36:25.000000
cf9d0f1a-9367-45ab-bccf-db0eb2e4d31a,65548624-be68-4611-8098-eab088867177,Tên lửa ,2026-03-06 23:57:41.000000
a8380961-93f4-4ffc-9d09-98428dfbad79,65bf8550-d1a5-44e7-99d3-6f48909be941,hoa sen,2026-03-01 10:49:21.000000
fa807218-8853-4583-a78b-d7fa0dcf9e6a,cad60a71-3216-493e-8d0b-905f7622f9a2,Một con mèo đang bay trên bầu trời đẹp,2026-03-14 21:01:19.000000
8d8f1807-2165-44ae-9098-dd91a31083c1,cec6cc6e-261a-47f8-a6c9-e11f293e6eb2,tạo khăn cho bst mùa đông,2026-02-21 13:28:54.000000
db62f0da-66b1-4c17-9d0c-ee7fd91eb357,ea1f6e2e-0112-4d05-9ad4-141190ca59e3,hoàng tử và công chúa,2026-03-13 22:00:17.000000
875c9301-d5d5-4c6c-9d7e-fe220160c474,7b488b09-a824-42a5-8229-c789ef0efccd,"rocket
",2026-02-20 18:43:08.000000
8409fd76-8f5d-4dd6-b549-5a3d45f81a6e,0d33e51d-8ba0-4065-b089-65dd9846b88c,hoa sen,2026-02-23 11:50:33.000000
f7b5f941-37f8-4e4b-ab1a-b3aec44be6f5,9f5e80a4-5fcd-48f7-818d-76a66582b37c,hoạ tiết tết 2026,2026-02-21 19:21:00.000000
99aad112-1ed5-4c23-b715-0a902d8ffa66,32c77b6b-7adb-4be6-b3c4-eb6b358d943b,con gà,2026-03-07 05:35:34.000000
746e2a7c-156c-45c9-bb23-4c84fb15e3e6,8fbe79b4-faf5-4ea3-b7e1-d4c5bda003c0,hoa thiên lý và hoa hướng dương mix đẹp,2026-02-25 05:18:22.000000
a8d9c5c6-65b6-4a0c-8a3d-cf1f5a166a89,408ecfab-2a6b-4656-8844-aba91c449f8b,"Thiết kế khăn bandana hình vuông với họa tiết hai con gấu dễ thương ở trung tâm, phong cách hoạt hình, màu sắc tươi sáng, bố cục đối xứng, pattern lặp lại ở các góc, thiết kế phù hợp in trên vải bandana.",2026-03-12 12:24:58.000000
99837c46-8b41-476a-8b2c-a8bee3ecc8d4,85e8f07b-ef5d-4f06-8dbb-83d75509260a,con chó,2026-03-03 05:11:14.000000
0cce5cb4-491c-46a4-8236-7f41dc377712,0b193e0c-ebb9-4ee1-85d5-c5c0a9141870,con chó cao bằng bộ pc hoạt hình,2026-03-10 00:21:14.000000
1b275c28-5eee-48f8-a229-9b0edc8ab720,9e60e2a6-f2a7-4dfa-954c-7adddd3782f4,hoa văn bướm masterpiece,2026-02-23 13:38:03.000000
5b5d65b2-212a-4fbc-a68b-6a132217b0ec,faf5100a-09cb-463f-a737-08b370e119c2,hoa văn biển mùa hè,2026-02-22 22:03:01.000000
3515fc5a-9643-4d06-bc85-62cf0e2cc7a9,80b2f4a2-c8b0-4c59-94f3-33f1c2ef2354,Dragon,2026-03-09 04:41:52.000000
188aecc4-4d25-4c01-bc13-0adb3472c98e,32b97b1b-cae0-4d1d-9aba-40a34fec84b5,"đá
",2026-02-20 07:29:29.000000
226d0f28-5b10-4f7c-a525-9f0699b5f70c,80b2f4a2-c8b0-4c59-94f3-33f1c2ef2354,Lá mùa thu hà nội sáng tạo,2026-02-22 12:51:11.000000
0d9ff3ee-ab1e-4d75-9452-7be6f98101a8,3bd38538-e72f-4142-8887-324de41a7b47,boxing realistic,2026-02-26 12:37:08.000000
cc406e18-bf89-4007-b09d-c1c8f0831448,3bd38538-e72f-4142-8887-324de41a7b47,"3 thằng spiderman trong noway home
 4k",2026-03-01 21:48:05.000000
5a83aa93-de2d-43f5-aaff-ffccc3dce1d8,4fa90ce6-9024-4fa8-a1a9-aede93a99668,mèo và tuyết rơi cùng ông già noel,2026-02-24 11:54:12.000000
4c620fa6-258a-4fa4-a54c-5dafa2758069,df4b15d9-edd8-4fc3-a10a-233a2d0f612d,"Thiết kế khăn bandana hình vuông với họa tiết hai con gấu dễ thương ở trung tâm, phong cách hoạt hình, màu sắc tươi sáng, bố cục đối xứng, pattern lặp lại ở các góc, thiết kế phù hợp in trên vải bandana. sáng tạo",2026-02-20 06:46:02.000000
ac80bbc1-e84f-41e4-9359-2ddb560f785f,aa26c3a7-07d0-4fc2-8f48-89189b68b996,cảnh biển dưới ánh hoàng hôn chill realistic,2026-03-08 23:55:00.000000
cde77117-5ace-49d2-b508-1fd612e0ad8f,cd773ad9-fa08-48e9-9979-74518210b603,"họa tiết trẻ trung, phù hợp sinh viên",2026-03-04 01:10:06.000000
b81e8b8d-61f7-4369-8ed6-80a8d6c5f369,25911cc4-b08b-4ac3-a6ed-11c1aad0736a,Anime style girl with colorful hair,2026-03-01 07:45:19.000000
240d6c38-dee7-46cb-99aa-7adb9e87e74a,509670ee-7815-4864-b1ec-234bba1117ba,Watercolor painting of a blooming garden,2026-03-01 16:42:04.000000
27f3bc3a-d54c-428f-99dd-407ad2427236,7b488b09-a824-42a5-8229-c789ef0efccd,Cyberpunk city art 4k resolution,2026-02-27 09:30:56.000000
8cbb1ed7-bb13-4401-881b-e111e4511f75,fd9aaef0-7953-4b61-a687-c6b304972eb9,"hoạ tiết sen vàng tuyền thống cho 8/3
",2026-03-06 20:40:36.000000
acfcf581-ebab-44d0-beb1-297b97d8cb55,37e1d9b4-9752-4bd4-b496-22524edcd4f9,hoa văn bướm 4k,2026-02-22 07:25:25.000000
0c5da167-11b9-4e1b-b6f1-c8b14402c609,789411af-c27a-4633-93d5-9e0bc17d0f18,"núi tuyết và rừng hoa đào cùng với cô gái đang đứng đó
",2026-03-14 01:57:17.000000
6b604bcf-2355-481b-913d-feab64916be8,ddc23018-dd1d-48ef-8e05-bfaea41cdad5,"hoạ tiết sen vàng tuyền thống cho 8/3
 hoạt hình",2026-03-01 02:29:21.000000
a9f2a13f-d19e-4c3b-aa8f-f266312bcdc0,ec396c9c-9395-4d74-9087-6cb2a3c7c224,con chó,2026-02-25 18:10:18.000000
f1db4084-cfaa-4eb1-8659-275418c6ffb6,c58e71f4-5834-43bf-b7a6-bdde556bbce0,"Sông nước
",2026-02-23 06:16:49.000000
e87c8492-b534-40cd-ac83-9117fd885d70,9c1e4c08-4c60-4f51-9c88-e8dbffe851e7,hoạ tiết tết 2026,2026-03-14 17:20:51.000000
2ac82b42-938b-43c7-b91c-8e5817d8ced5,30225e0c-b458-4a46-b5ab-6fa790610cbd,"Thiết kế khăn bandana hình vuông với họa tiết lặp lại (seamless pattern), phong cách streetwear hiện đại. Trung tâm là họa tiết paisley truyền thống kết hợp các đường nét hình học. Màu chủ đạo đen và đỏ, điểm nhấn trắng. Thiết kế cân đối 4 góc, chi tiết sắc nét, phong cách thời trang, phù hợp in trên vải bandana.",2026-02-25 08:35:52.000000
222157df-071e-4621-a999-b5fd4f272b98,0bf36f10-e576-420f-9ef3-f4cfdf458486,Thiết kế logo công ty công nghệ AI realistic,2026-02-28 15:17:50.000000
4c2b2345-a705-4127-9d63-049960908efb,3995c91c-87c0-49af-a23a-e16bb7f3b604,"đá
",2026-03-08 10:48:50.000000
f4df5292-db32-4662-b0bc-5e53086e5bf9,cd368f0d-d82b-4698-bd58-f4dd8947f5c5,hoa văn bướm đẹp,2026-03-05 03:57:55.000000
3873cf00-5ef9-42e1-9e81-bc9943e9883b,0d59a491-b592-48b1-81b5-93c0d931a95b,"rocket
",2026-02-28 16:48:25.000000
f97e8f3e-974c-4193-b9db-da34526f5ddc,c9095f1e-5350-427d-9911-d62ffdf8132a,"gấu bắc cực
 đẹp",2026-03-08 15:26:31.000000
e2c7d999-aa04-475d-ac38-072822686193,007c2a26-f165-4314-983b-be07dbf63a39,"Design a seamless bandana pattern for a Summer Collection. Tropical vibes, vibrant color palette (coral orange, turquoise blue, sunshine yellow, palm green). Elements: palm leaves, hibiscus flowers, ocean waves, sun icons, abstract geometric accents. Modern minimal line art mixed with soft watercolor textures. High contrast, fashion-forward, trendy Gen Z aesthetic. Square composition, centered focal frame border typical bandana layout. Detailed, print-ready, vector style, ultra high resolution, seamless repeat pattern.
",2026-03-14 15:29:44.000000
80fd09b4-ba6d-4ab2-a3be-55a7a1dddeb9,52a5ec7b-fecd-4811-84d4-50592e8156e0,con chó cao bằng bộ pc,2026-03-05 17:12:55.000000
59e5e7af-5852-402e-8a1c-94a81f71efa2,85be6889-ef6a-471a-a662-349752465cfe,"rocket
",2026-03-07 02:10:46.000000
30b315d7-c22f-46a5-8f43-be361c4c25aa,3394e510-28f4-4da7-b4cc-6d182faa30e9,hoạ tiết tết 2026,2026-03-04 16:56:49.000000
cfaac3d2-835e-45bd-86e8-2c16a8c8879b,7b6022af-2fc9-486e-aed9-c9998496adb1,boxing,2026-03-02 09:28:17.000000
08e2cac5-f686-4532-a2fc-cfc42ad03267,5c629870-2f4b-4a06-a0d7-7d5718442555,"tôi muốn một cái khăn màu xanh nước biển, hoạ tiết sóng biển, bãi cát vàng giữa hoàng hôn masterpiece",2026-03-12 06:30:58.000000
3df20529-724f-49b4-94d5-a7520ca8a33c,4fd060d5-34f9-4a6a-9721-2d610d47e96c,Tết vào,2026-03-02 12:06:13.000000
a45819c6-088c-4d56-98bf-912ddfb1300d,408ecfab-2a6b-4656-8844-aba91c449f8b,Lá mùa thu hà nội,2026-03-04 03:00:36.000000
ff5d9550-8446-4ae6-82eb-029518126c62,dd0ebc29-d11e-462f-8080-d70b6c468f4a,"tôi muốn một cái khăn màu xanh nước biển, hoạ tiết sóng biển, bãi cát vàng giữa hoàng hôn",2026-03-09 18:01:45.000000
15559f0a-3fd4-433d-a214-8318f3d31ed2,2e1eedd0-97ce-4374-8acb-aa10f996b7ba,Lá mùa thu hà nội,2026-03-08 03:53:57.000000
a51b67fe-f908-4544-be1a-10f0410e9b05,9f5e80a4-5fcd-48f7-818d-76a66582b37c,hoa văn biển mùa hè,2026-02-28 20:23:39.000000
a65ba7d7-c499-41a0-b041-6f6cf58b21b8,7c8ee6e6-530f-415f-bb24-284452dd93e3,"Thiết kế khăn bandana hình vuông với họa tiết hai con gấu dễ thương ở trung tâm, phong cách hoạt hình, màu sắc tươi sáng, bố cục đối xứng, pattern lặp lại ở các góc, thiết kế phù hợp in trên vải bandana.",2026-03-04 03:23:49.000000
693d6923-db34-4428-a4ed-bab725ea6d44,6ee56a7d-5455-4570-bc9b-b499578cc98d,con chó sáng tạo,2026-03-14 06:43:19.000000
68faa327-dcb9-428d-a3c7-7fb4b7b8c320,3917da44-1945-4dec-87a7-55aac5fa684f,"đá
",2026-02-27 15:48:07.000000
a0d75acf-b839-41e0-8f69-63e86ff97a70,0e449645-d8fb-46e3-b0a2-d0aba66b6d5f,Tết 2026,2026-02-28 05:21:56.000000
18af0cba-3a4c-4a00-9f2c-aa6ff957a5a5,32c77b6b-7adb-4be6-b3c4-eb6b358d943b,đá,2026-03-13 18:37:56.000000
28bdb083-7077-4b2a-9296-193b52366d66,10288960-6cae-492c-98cf-af409204cde3,Khăn bandana hình còn gấu trúc ,2026-03-09 14:57:08.000000
afe1bd8c-22fb-41c0-bdbe-751505614828,650e89e8-972b-4675-97a8-773ff9096417,"boxing
",2026-03-09 10:56:08.000000
6d54052c-5708-458a-a541-c7a1f6f4a643,b0cd34b7-15b2-49b5-98bf-829dacd97180,hoạ tiết tết 2026,2026-03-10 20:51:03.000000
7f4b3e67-3ad3-44ad-8b74-9d0e9d8bbda1,22e5466b-4176-4257-99c3-e8bddb7117ac,Phi hành gia đang lướt sóng trên mặt trăng,2026-03-09 09:58:42.000000
e95fcd46-6847-4dbd-bb32-bcad04a289c9,ba893698-ab56-4d66-84f2-6a2a41654a9e,con chó đẹp,2026-03-13 03:57:42.000000
aced74a4-dc82-480c-bb30-cf3f5790e37f,13dc102d-7a50-4eb0-a296-5e84248d96b0,"đấm nhau
",2026-02-26 16:39:00.000000
b325d863-eb15-40f2-8018-5ddd1cb1e57b,32b97b1b-cae0-4d1d-9aba-40a34fec84b5,cảnh biển dưới ánh hoàng hôn chill realistic,2026-02-22 11:04:00.000000
987b3e39-d25c-4013-a33c-0bdf7a786116,3429026e-769c-4809-9486-ab116b85227b,Bức tranh phong cảnh núi rừng mùa thu,2026-02-22 13:36:24.000000
c0cc94d3-5eb0-4ee1-a537-c7493b4bdb46,16dcdf47-ee52-43c1-a334-dc1815bc8856,"Tết 2026
 masterpiece",2026-03-03 10:21:54.000000
4885a1e9-27fa-4600-a105-ff9e284c667b,b5f80321-550e-4914-816e-bcb66be6e39e,con chó sáng tạo,2026-02-28 00:07:13.000000
def49c9b-ec62-4d42-9c1d-5cb6bc8aae8e,e984f545-b306-4363-8b00-3e2a523d9f4e,"boxing
",2026-02-25 20:47:29.000000
09756951-5981-46f9-b867-e758e4b5c193,007c2a26-f165-4314-983b-be07dbf63a39,Realistic portrait of an old man with wrinkles,2026-03-01 12:19:56.000000
5460fea7-a6c2-45f2-aba5-f525f9f718d9,7b5b59d2-4f56-48a7-a592-c6c047a30f3b,"đá
",2026-02-20 16:02:50.000000
12ed2e28-3ffd-47bb-8eef-b3ab681b6057,04e5c39e-56d9-4eb7-9227-b51695bbaefb,gấu,2026-02-28 10:30:11.000000
2608b641-fde3-45cc-adf7-699480aa64d9,a647ba02-ed81-4401-acbd-4df62ec98e7a,hoạ tiết tết 2026,2026-03-14 12:55:06.000000
b3dff1f5-2ffd-4e50-8ec5-3bd3b6db3b75,fd9aaef0-7953-4b61-a687-c6b304972eb9,hoa thiên lý và hoa hướng dương mix đẹp,2026-03-02 21:48:34.000000
26aec6d9-1919-4fc2-a85b-e1cd69cb96a3,f8c13c0e-a9ee-416f-acb5-e882aa100d6d,"gấu bắc cực
",2026-03-08 00:05:05.000000
5e8e2f8c-777a-4c33-8693-bd4a4c20f706,84babc1b-d1f3-4b3a-930a-3634751a076c,cảnh biển dưới ánh hoàng hôn chill,2026-03-07 12:37:22.000000
ce6578af-c7da-4343-860e-f9ea1a513d15,85e8f07b-ef5d-4f06-8dbb-83d75509260a,"Dân chơi ở dưới mưa cầm điếu cày và miệng nhả khói giữa chốn đô thị
 đẹp",2026-02-20 06:39:20.000000
b9779efe-1d85-4ab9-ad60-640b5cd00b42,abe78541-fac2-470c-8426-73efcebad99f,Chó mặt xệ mặc vest đen,2026-03-11 09:39:03.000000
2b5399a2-2329-4aac-ad57-96dc8c8e27e2,0bdec085-3dce-4828-82ed-cc438e959120,"Trứng vịt ở giữa đồng cỏ
",2026-03-10 11:51:18.000000
c4d45e19-97a7-426f-83af-73c18aa0f847,8ca65e34-4d2a-4a23-b747-67f3b577df97,"rocket
",2026-02-26 09:11:28.000000
ee414539-ff82-400d-a578-a39978866a80,25911cc4-b08b-4ac3-a6ed-11c1aad0736a,hoa văn sen,2026-02-26 23:49:57.000000
0a993f2c-f1f8-4098-b483-5e6fd4b647ad,f1001887-0380-402f-8bb4-ef6e5184a812,"rocket
",2026-03-10 16:16:25.000000
23f5c3e0-1593-463e-a689-cddf6465bace,1d8e4f5b-8336-47d1-9a9b-cad584042c31,"tôi muốn một cái khăn màu xanh nước biển, hoạ tiết sóng biển, bãi cát vàng giữa hoàng hôn",2026-02-27 06:19:23.000000
4d96835a-139d-4a50-a1c8-90f80215bd46,5c629870-2f4b-4a06-a0d7-7d5718442555,Tết vào,2026-02-27 19:14:47.000000
eab74229-97b9-443a-ab31-bdd328fffd5e,df4b15d9-edd8-4fc3-a10a-233a2d0f612d,"rocket
 đẹp",2026-02-21 14:27:40.000000
ac1308dc-943c-4426-8241-5149cbd93eff,87392877-1460-4418-9141-b0cbebf3e19c,Watercolor painting of a blooming garden,2026-03-12 00:48:22.000000
a50cc933-97a5-4e35-979d-935671e1bfc9,da44fe9b-e88c-4c6a-b31f-3e05fb8dc6ef,Cyberpunk city art 4k resolution hoạt hình,2026-03-06 21:23:00.000000
ff9b97fc-ffad-4b02-963b-62483ae6b285,dd0ebc29-d11e-462f-8080-d70b6c468f4a,tết realistic,2026-03-04 08:22:27.000000
1ac7ef87-cba9-4105-91b2-364246838c69,6f6536cc-eed1-4a0e-a63e-306cff79775e,boxing,2026-03-12 15:30:26.000000
793d14b2-fa54-44bb-a279-505d8c494073,dd0ebc29-d11e-462f-8080-d70b6c468f4a,hoa văn bướm,2026-03-09 03:03:19.000000
bf7ef50f-316e-477d-98e0-5864873e6f8a,3917da44-1945-4dec-87a7-55aac5fa684f,"3 thằng spiderman trong noway home
",2026-02-25 02:01:11.000000
8ecae5a9-4c86-4de6-8d3d-abddd2c8ce5b,d3eb8cc1-0e60-4572-901b-5b3b38cb36ab,con gà,2026-03-12 05:11:42.000000
e99cd2d2-8fe5-4e9e-b32b-509062fd49b3,27bbe5f4-d9ea-4d30-af58-609b1534760f,gấu 4k,2026-03-02 15:59:45.000000
4242ebe7-ed68-40f2-9647-60bcc349378e,0e449645-d8fb-46e3-b0a2-d0aba66b6d5f,Khăn bandana hình còn gấu trúc  sáng tạo,2026-03-04 18:34:22.000000
372ca7e7-aece-4f94-bc49-6f78863a0d8b,4d94fddf-f172-42ce-af92-7975e002ae46,"Luxury square silk scarf design, artistic ocean waves meeting golden beach sand under a glowing sunset, flowing curves inspired by sea tides, warm sunset palette (amber, coral, soft pink, lavender), delicate hand-drawn illustration, subtle watercolor and silk texture, elegant ornamental border with seashells and starfish, symmetrical composition, refined coastal aesthetic, fashion textile pattern, sophisticated bandana design, ultra detailed, high resolution",2026-03-08 17:22:13.000000
7355102d-ceb4-413a-94d4-c2c9affc0b4b,001f054f-0281-482b-8e9f-b21ca7c30477,"tuyết rơi cùng người tuyết
 masterpiece",2026-02-27 19:28:01.000000
3e44bb7d-a2b3-4a56-abec-d8d7f3f75c8d,faf5100a-09cb-463f-a737-08b370e119c2,"Thiết kế khăn bandana hình vuông với họa tiết lặp lại (seamless pattern), phong cách streetwear hiện đại. Trung tâm là họa tiết paisley truyền thống kết hợp các đường nét hình học. Màu chủ đạo đen và đỏ, điểm nhấn trắng. Thiết kế cân đối 4 góc, chi tiết sắc nét, phong cách thời trang, phù hợp in trên vải bandana. hoạt hình",2026-03-14 05:23:57.000000
78f3674d-5369-4c8c-89e0-ec8aeba51917,1dfd4e33-fbbd-4895-b7f0-b3d7df962502,Phi hành gia đang lướt sóng trên mặt trăng masterpiece,2026-03-01 12:48:59.000000
a556203a-2f9e-4fba-b2c3-82a0dcdada5a,a8d830d3-fd02-4458-96de-27bd84b7a6d0,"Trứng vịt ở giữa đồng cỏ
",2026-03-03 06:57:03.000000
21d745c8-c627-479b-87df-896c6b5bebfb,3805645a-a302-4866-af32-eab23db16d60,hoạ tiết tết 2026,2026-02-24 15:41:54.000000
7176b1ac-f6c2-4e44-8131-8e4af7e01e54,650e89e8-972b-4675-97a8-773ff9096417,con chó,2026-02-27 12:04:43.000000
b0068e1d-41c5-40ac-8bf6-35b270f9a9f8,95b7bc2b-eda5-4e1c-ae84-9c55f5177b34,Yêu em sáng tạo,2026-03-11 16:21:25.000000
c77c66ac-ceb5-45ff-9dee-805fc76602b1,a85509c7-52fd-4a42-8538-298f35db7144,Một con mèo đang bay trên bầu trời,2026-02-23 17:39:31.000000
0f2f5275-640a-42c9-bd74-78fea757d062,7b488b09-a824-42a5-8229-c789ef0efccd,Một con mèo đang bay trên bầu trời,2026-03-04 08:08:22.000000
7703464e-905b-4125-9561-de0ee5b27b00,e967ce7e-4283-4fba-8a9b-a6ad0b25b2e1,Một con mèo đang bay trên bầu trời,2026-03-10 02:09:20.000000
a7f4d7e4-e825-43ef-8b31-330871631d66,f7134c2f-54b9-400f-b8f9-cb73685554c3,Chó mặt xệ mặc vest đen realistic,2026-02-25 23:56:01.000000
ce1f9bfe-29eb-4cff-bbb0-555458302df5,8ca65e34-4d2a-4a23-b747-67f3b577df97,"rocket
 hoạt hình",2026-03-12 22:30:57.000000
c0d8ae94-0700-4cbe-b8e6-8c067510af86,dda4253f-917a-4c17-aee3-6698da64fb71,hoa sen realistic,2026-02-24 21:51:24.000000
d2fb489f-6c38-4512-9106-3e103c066eb7,d1a8ab0f-c03e-4295-922b-160ebfa0d696,hoa loa kèn,2026-03-08 18:26:36.000000
432409bd-c006-4a38-8f02-dab46ada7c18,6ee56a7d-5455-4570-bc9b-b499578cc98d,con chó,2026-02-20 00:57:30.000000
ed3a83ff-fbed-4fa8-a8e1-edad6919d183,4fd060d5-34f9-4a6a-9721-2d610d47e96c,tết,2026-03-12 05:50:28.000000
dde2792a-fba0-4f03-8cce-ea679f37abd9,aa26c3a7-07d0-4fc2-8f48-89189b68b996,"đá
 4k",2026-02-21 21:44:56.000000
04ed1350-754d-47f5-91d3-7d942cb84e94,10288960-6cae-492c-98cf-af409204cde3,"con vịt giữa bãi biển và bờ cát vàng cùng với mặt trời hoàng hôn
 masterpiece",2026-02-20 16:21:36.000000
f3a14530-3c34-40c1-a3c6-c914dad53aa8,ba40b02e-f6e1-4ae2-be58-b684101ec3ce,Tết 2026,2026-02-21 22:07:11.000000
78f7167f-59a6-4303-ac22-4a10adb1b2bd,ec396c9c-9395-4d74-9087-6cb2a3c7c224,Chó mặt xệ mặc vest đen,2026-03-05 14:28:06.000000
2126694e-b550-42a3-9949-f659d07a42ee,a600d22c-73a1-4978-9e19-aa7643de6868,Lá mùa thu hà nội 4k,2026-03-14 14:17:11.000000
b5900583-5b76-455d-aa19-24d6430fe9b6,6ee56a7d-5455-4570-bc9b-b499578cc98d,hoa loa kèn,2026-03-12 12:43:31.000000
430395b9-7efb-4090-aaa0-2bcc56595a8d,9c1e4c08-4c60-4f51-9c88-e8dbffe851e7,"gấu trắng

trong chúng tôi đơn giản là gấu sáng tạo",2026-03-07 19:13:07.000000
9816ff86-39f0-4101-90bc-03926508bba3,16aa5364-1316-42c0-bfe3-17c9de36cdb1,"gấu bắc cực
",2026-02-20 04:56:38.000000
5bbd6dca-2311-4e06-ba65-38d9cbf6b3c3,8ca65e34-4d2a-4a23-b747-67f3b577df97,Thiết kế logo công ty công nghệ AI,2026-03-09 01:58:56.000000
cda90234-08b5-44e7-8971-bba0086cac72,cc7dcb82-ce96-4e02-9fa2-bb42e96c3dd5,Thiết kế logo công ty công nghệ AI,2026-02-25 04:32:04.000000
39a55724-e61e-440d-8488-79391bba297a,d3eb8cc1-0e60-4572-901b-5b3b38cb36ab,Anime style girl with colorful hair realistic,2026-03-05 22:19:53.000000
9ada8d12-18e0-4ce1-9db5-2b350d5d0f43,12332874-08da-4b9e-bb5a-7a195164eb97,Khăn bandana hình còn gấu trúc ,2026-02-22 19:45:26.000000
db081b35-b2dd-43c7-8a06-eee3379c0cec,ccf62a1d-9100-442c-8d24-23a68a006052,hoa văn sen,2026-03-13 18:22:33.000000
d64b07cc-c4f1-4581-8c99-2497019c025c,f66c55dd-31c9-4733-b2b0-5cd2cbd5b557,"Thiết kế khăn bandana hình vuông với họa tiết hai con gấu dễ thương ở trung tâm, phong cách hoạt hình, màu sắc tươi sáng, bố cục đối xứng, pattern lặp lại ở các góc, thiết kế phù hợp in trên vải bandana.",2026-03-03 09:58:59.000000
01c842c6-ff58-4de4-b1c7-83de36e96118,57ccaedd-06f4-418f-8b28-42d65bfb9689,siêu nhân trump masterpiece,2026-02-21 07:19:40.000000
efd824fb-bc0f-4216-8a55-1888e6973665,2e1eedd0-97ce-4374-8acb-aa10f996b7ba,Lá mùa thu hà nội,2026-02-21 09:35:47.000000
7321a778-b225-4af8-89c8-502a9d649bf7,cbdab416-85dd-4d2b-8b02-a51f598436ef,hoa văn biển mùa hè hoạt hình,2026-03-12 22:20:51.000000
d087e590-1dd9-4d89-891e-7d2105d8d463,369f6d0b-9ed3-4d09-be94-b3da9a02e909,con gà,2026-02-23 22:37:05.000000
7aef9046-618c-48b5-ba5c-b9570695afa6,2258e3ac-85db-4e20-82cc-7c0fc89be959,"tôi muốn một cái khăn màu xanh nước biển, hoạ tiết sóng biển, bãi cát vàng  hoạt hình",2026-02-21 21:22:01.000000
ad2fb4e3-a110-40b4-8829-e44a7b2c7343,3808d88e-bbba-4190-a05d-adab3e1881a0,hoạ tiết tết 2026,2026-02-27 20:26:36.000000
ccf89045-f1e7-488e-a29c-1770f89336f0,cc7dcb82-ce96-4e02-9fa2-bb42e96c3dd5,"núi tuyết và rừng hoa đào cùng với cô gái đang đứng đó
 4k",2026-02-21 03:47:55.000000
8c210f63-0925-4a58-b187-19f8a8cea107,dd0ebc29-d11e-462f-8080-d70b6c468f4a,"3 thằng spiderman trong noway home
",2026-02-28 09:11:42.000000
73239239-0ca6-4485-ab56-ba99a7d81d6f,7b4ebc11-e8f4-41b0-b740-9beeb5147db0,gấu đẹp,2026-03-09 10:35:35.000000
0ff2ec61-884c-436f-adae-279341a417b1,c2c3f353-787c-42a0-9486-4c69d3b5bbe7,"Design a seamless bandana pattern for a Summer Collection. Tropical vibes, vibrant color palette (coral orange, turquoise blue, sunshine yellow, palm green). Elements: palm leaves, hibiscus flowers, ocean waves, sun icons, abstract geometric accents. Modern minimal line art mixed with soft watercolor textures. High contrast, fashion-forward, trendy Gen Z aesthetic. Square composition, centered focal frame border typical bandana layout. Detailed, print-ready, vector style, ultra high resolution, seamless repeat pattern.
",2026-02-26 12:27:42.000000
b907321d-eb27-47b2-ab5c-5bc6cca06993,cd773ad9-fa08-48e9-9979-74518210b603,Phi hành gia đang lướt sóng trên mặt trăng,2026-02-20 12:08:58.000000
8a3942c5-226f-4fe3-936c-3791ae12da64,408ecfab-2a6b-4656-8844-aba91c449f8b,boxing,2026-02-21 11:34:36.000000
6a6371d4-a80d-4b3e-a1a9-e98669602338,3933b3a4-4df7-455b-89a8-343b2d6be756,Phi hành gia đang lướt sóng trên mặt trăng,2026-03-10 02:52:36.000000
3f0057d1-cff9-44d3-8987-8977d6a60f2d,4bc377e2-264c-4e4a-bf1c-6a9cc97035a2,"Trứng vịt ở giữa đồng cỏ
",2026-02-24 03:58:20.000000
58bb2106-9d9b-48c8-9895-e718679a6adc,27bbe5f4-d9ea-4d30-af58-609b1534760f,hoa thiên lý và hoa hướng dương mix,2026-03-02 16:18:58.000000
34bdcc8c-ce7c-4eb4-a386-2b6177e4a142,15fd6605-eac5-47dc-b234-3c51f257b0f8,"đá
",2026-03-04 08:57:20.000000
8b62e911-a60c-4ab2-b362-c5f82ef4265d,7b4ebc11-e8f4-41b0-b740-9beeb5147db0,"tôi muốn một cái khăn màu xanh nước biển, hoạ tiết sóng biển, bãi cát vàng giữa hoàng hôn",2026-02-23 00:46:50.000000
c2206bd2-2924-4bee-b07e-66faa4a7c1f1,d3eb8cc1-0e60-4572-901b-5b3b38cb36ab,"Sông nước
",2026-03-05 21:21:33.000000
99e8bf0a-e2be-4c07-8c1e-8d1c45de948a,ba893698-ab56-4d66-84f2-6a2a41654a9e,hoa văn biển mùa hè,2026-03-07 20:51:45.000000
0da1ebe7-27ec-4782-baa8-314cfa8d5a06,e967ce7e-4283-4fba-8a9b-a6ad0b25b2e1,"Design a seamless bandana pattern for a Summer Collection. Tropical vibes, vibrant color palette (coral orange, turquoise blue, sunshine yellow, palm green). Elements: palm leaves, hibiscus flowers, ocean waves, sun icons, abstract geometric accents. Modern minimal line art mixed with soft watercolor textures. High contrast, fashion-forward, trendy Gen Z aesthetic. Square composition, centered focal frame border typical bandana layout. Detailed, print-ready, vector style, ultra high resolution, seamless repeat pattern.
 masterpiece",2026-03-11 05:49:28.000000
8e8ff09f-0655-47f0-8771-783df85b9fbb,b95a5eab-fe7f-4be0-8561-d3cb815348bd,hoa sen,2026-02-21 06:21:54.000000
7dac6413-31bc-4c2f-b345-8303a846255c,0e449645-d8fb-46e3-b0a2-d0aba66b6d5f,Một con mèo đang bay trên bầu trời đẹp,2026-03-10 17:10:43.000000
02fed650-9f34-4681-a35d-b7871595346a,6c6ffb90-071d-4d54-a39c-dad185ab74c3,"đá
 realistic",2026-02-23 10:35:34.000000
5e8a58b2-eefd-4891-af74-c88ba3aa2590,0b193e0c-ebb9-4ee1-85d5-c5c0a9141870,hoa loa kèn,2026-02-28 02:27:53.000000
423404af-4404-4b3a-9739-2a8930b2dcde,040275e9-f598-4681-90fb-322c2e17dd07,hoa sen,2026-03-11 21:14:40.000000
cba7e844-3106-4141-880e-256a30c88f7b,e3edab71-b94c-4b5b-917f-f713e9700b55,Lá mùa thu hà nội masterpiece,2026-03-07 15:37:12.000000
f20e63f6-b900-4be6-9c0f-204b9d335a28,5959ce77-448a-4184-bdcf-ec16858913cc,"gấu bắc cực\
",2026-02-28 15:12:37.000000
21c15409-1ea7-4a62-bb27-b40c4da6e34e,a8d830d3-fd02-4458-96de-27bd84b7a6d0,hoạ tiết tết 2026,2026-03-02 02:33:49.000000
fec9cb16-5bac-45df-ac16-d57c7a55c001,996269ad-8998-4388-8a7b-1218e2456406,Yêu em,2026-03-03 14:48:59.000000
20bc8317-23cf-4990-873b-f3cff57db1e1,d8247c93-5e07-4570-bcba-b4dc5ff19123,hoạ tiết tết 2026,2026-03-08 05:09:29.000000
077481cc-88fe-43e9-9219-809d483d76bb,ff848474-b547-4fc5-b4b0-27b354e4121c,chồn đáng yêu,2026-03-08 10:04:13.000000
05193fb3-48d1-498c-91af-5072c29c2ad3,3394e510-28f4-4da7-b4cc-6d182faa30e9,"gấu bắc cực\
 hoạt hình",2026-02-24 15:55:48.000000
dba15baf-f46e-4cf0-828f-77546609d76b,2a1aaf01-bf9f-4f22-bef2-357c4f39f4bf,"đá
 hoạt hình",2026-03-04 19:57:04.000000
3f2a50e3-af88-48dc-bd12-dfc6cc01b549,95330afe-d136-48ef-85e9-7384a1d6a779,"con vịt giữa bãi biển và bờ cát vàng cùng với mặt trời hoàng hôn
",2026-02-22 11:51:51.000000
a7ee7d33-8bd9-461a-8e0b-230ba1f573ca,c2bfc332-7935-4bf2-9767-c15693a21b9c,"Thiết kế khăn bandana hình vuông với họa tiết lặp lại (seamless pattern), phong cách streetwear hiện đại. Trung tâm là họa tiết paisley truyền thống kết hợp các đường nét hình học. Màu chủ đạo đen và đỏ, điểm nhấn trắng. Thiết kế cân đối 4 góc, chi tiết sắc nét, phong cách thời trang, phù hợp in trên vải bandana. realistic",2026-02-22 08:44:07.000000
aac25925-f357-4058-8106-6ab04e52df30,25911cc4-b08b-4ac3-a6ed-11c1aad0736a,hoa văn bướm 4k,2026-03-05 21:44:50.000000
9d5fc9ad-7680-42e5-abf3-63c07747085f,85be6889-ef6a-471a-a662-349752465cfe,"tôi muốn một cái khăn màu xanh nước biển, hoạ tiết sóng biển, bãi cát vàng giữa hoàng hôn hoạt hình",2026-03-05 12:12:17.000000
c2bb9a8e-71f3-43ae-991e-b80bc940d32c,9d740ce8-a4ad-42fd-804e-52b2f8300fdb,boxing,2026-03-10 18:33:20.000000
e6c35920-f59c-45da-9c0b-b0c5b576236b,87392877-1460-4418-9141-b0cbebf3e19c,đá,2026-03-04 03:00:16.000000
c95895cf-3b0e-442c-8ef7-7bd4c17f20a1,6f6536cc-eed1-4a0e-a63e-306cff79775e,cảnh biển dưới ánh hoàng hôn chill đẹp,2026-03-04 12:30:30.000000
e97bcae4-470f-462d-a470-cb946d6add81,d8247c93-5e07-4570-bcba-b4dc5ff19123,"đá
",2026-03-05 11:52:05.000000
9e41f7fe-4598-4d66-a0ee-7a5ef6a3b04e,fe294904-57dd-4c2b-8b96-b7f60cc63046,"họa tiết trẻ trung, phù hợp sinh viên sáng tạo",2026-02-24 00:53:36.000000
9a8f848c-8085-452a-af0a-4d5fd66b090e,9ea948a2-417e-43b6-8300-ef5e750e6d25,Khăn bandana hình còn gấu trúc ,2026-03-05 06:48:18.000000
37e2aabb-b683-496e-a6c7-66cbd659ffe0,3429026e-769c-4809-9486-ab116b85227b,hoa sen,2026-02-27 02:09:26.000000
2bd7daff-57c3-4a30-a196-7dedce6f6f21,a5e7de84-0c1d-4b83-bfc7-2274f935e36c,hoa thiên lý và hoa hướng dương mix,2026-03-02 15:37:12.000000
0b82e295-fcfe-41db-84d5-592e495f6148,614284c7-7d4c-4c73-a8b4-5ecaa75923dd,Watercolor painting of a blooming garden,2026-02-21 10:16:08.000000
7c72cc13-b29f-4743-9011-1b6f88413c97,d3eb8cc1-0e60-4572-901b-5b3b38cb36ab,Phi hành gia đang lướt sóng trên mặt trăng,2026-03-14 15:43:53.000000
138cb275-8783-4476-be60-c05e62a37f6b,a5e7de84-0c1d-4b83-bfc7-2274f935e36c,"Design a seamless bandana pattern for a Summer Collection. Tropical vibes, vibrant color palette (coral orange, turquoise blue, sunshine yellow, palm green). Elements: palm leaves, hibiscus flowers, ocean waves, sun icons, abstract geometric accents. Modern minimal line art mixed with soft watercolor textures. High contrast, fashion-forward, trendy Gen Z aesthetic. Square composition, centered focal frame border typical bandana layout. Detailed, print-ready, vector style, ultra high resolution, seamless repeat pattern.
",2026-02-22 10:56:25.000000
1e8dbde3-356e-4c3e-a733-a1d3c568457e,e2cf11ab-0213-4e4a-8b0a-ddb678c56d98,Tết 2026,2026-02-20 23:30:41.000000
a9f2e249-edb3-478e-b7d9-4b8ac97d3197,79068a7f-a698-4001-99aa-cfaf395ff36c,đá sáng tạo,2026-03-04 06:33:05.000000
1dc79d19-5d09-4c11-b9c0-a27191bddea5,61b9227c-9c0c-4665-b6c0-32a450ca6c40,hoa sen,2026-02-23 17:17:03.000000
8acfb32c-55b8-46b7-a99c-ff99897d2c01,84cb48b8-fc40-48a4-97a3-2d15e81e4d7f,"họa tiết hip hop, đen trắng
",2026-02-28 01:26:03.000000
3c5869da-97c0-47d5-b78d-c4e2bf509c95,a1affe4a-59aa-4a8f-83c5-5f6667eb22d6,chồn đáng yêu,2026-02-20 13:05:53.000000
818f19ec-cf6f-4aca-96cb-2a415e4983df,0d33e51d-8ba0-4065-b089-65dd9846b88c,con chó cao bằng bộ pc,2026-02-24 02:50:54.000000
2df9afa6-7044-494b-9215-1ed1ee73350b,db0f1521-471c-4b36-9116-2a4bca133386,con chó cao bằng bộ pc realistic,2026-03-05 17:23:53.000000
cefbf891-8f76-4aa3-80c2-a39c35de475b,717db389-d963-4018-b272-99670267fb7a,"đá
 realistic",2026-02-26 16:07:06.000000
df6e9da2-b0b7-485a-8adb-54cdef2e00d9,01a3c256-043c-4a6f-badc-c5b3e77f0e61,hoa văn sen hoạt hình,2026-03-13 22:06:07.000000
2c147818-0b23-4528-a070-6a26106e1303,4fa90ce6-9024-4fa8-a1a9-aede93a99668,"boxing
 masterpiece",2026-03-08 09:02:55.000000
18937889-2cfc-4fd1-b9eb-ca2bdfa95017,fef0347c-4e2b-4ded-ae0b-e272ce4301de,"Thiết kế khăn bandana hình vuông với họa tiết lặp lại (seamless pattern), phong cách streetwear hiện đại. Trung tâm là họa tiết paisley truyền thống kết hợp các đường nét hình học. Màu chủ đạo đen và đỏ, điểm nhấn trắng. Thiết kế cân đối 4 góc, chi tiết sắc nét, phong cách thời trang, phù hợp in trên vải bandana.",2026-03-05 02:44:25.000000
7930c5a4-8a82-43e1-806e-130eddd8c698,7f93b64e-ebff-4d77-b543-7da4ccb1d40a,Bức tranh phong cảnh núi rừng mùa thu,2026-03-11 07:02:32.000000
9de193b8-6ecf-46fe-b144-8dafea77771b,71dd7cd0-04ac-44f3-b454-a1a8e061ed13,"con vịt giữa bãi biển và bờ cát vàng cùng với mặt trời hoàng hôn
 đẹp",2026-03-02 21:10:58.000000
dac350c9-63bd-478d-9dda-c7fa1d820016,276e4416-0ff1-4ed6-8a04-ee1de5a150ca,cảnh biển dưới ánh hoàng hôn chill,2026-03-08 21:46:46.000000
440a310a-6531-4253-9ad5-9bf0d5d93086,dd0cb798-ef42-4302-a6d6-cfe953f1feea,Yêu em,2026-02-27 10:03:41.000000
9899d260-f087-48f6-b25d-f452d9e3d64f,3917da44-1945-4dec-87a7-55aac5fa684f,"Luxury square silk scarf design, artistic ocean waves meeting golden beach sand under a glowing sunset, flowing curves inspired by sea tides, warm sunset palette (amber, coral, soft pink, lavender), delicate hand-drawn illustration, subtle watercolor and silk texture, elegant ornamental border with seashells and starfish, symmetrical composition, refined coastal aesthetic, fashion textile pattern, sophisticated bandana design, ultra detailed, high resolution",2026-03-06 03:19:46.000000
040ca4e7-bb6a-4dfc-abee-419e84ba6645,88c7c0ae-6e9a-4492-b402-6202cea92e2e,"hoạ tiết sen vàng tuyền thống cho 8/3
 hoạt hình",2026-02-21 04:25:28.000000
1a6f6516-f3d3-4c99-892c-889809a33bf2,408ecfab-2a6b-4656-8844-aba91c449f8b,"Thiết kế khăn bandana hình vuông với họa tiết lặp lại (seamless pattern), phong cách streetwear hiện đại. Trung tâm là họa tiết paisley truyền thống kết hợp các đường nét hình học. Màu chủ đạo đen và đỏ, điểm nhấn trắng. Thiết kế cân đối 4 góc, chi tiết sắc nét, phong cách thời trang, phù hợp in trên vải bandana. sáng tạo",2026-03-14 03:56:29.000000
15d76c34-55e8-49e7-a7a7-50d2d417b9d6,8fb11f41-5dec-4495-b443-70b1192d1748,"Tết 2026
",2026-03-09 18:50:45.000000
e94a9a3e-71f6-4197-995e-e215fcc2d4cc,943ae63f-0877-4580-9950-f0b1749b0743,"rocket
 hoạt hình",2026-03-04 02:51:05.000000
1d22ed13-e7a8-4329-95ef-73ab6cc5177d,789411af-c27a-4633-93d5-9e0bc17d0f18,"boxing
 realistic",2026-03-10 02:49:31.000000
ae9466c2-2fe5-4b34-aafc-6db82f577896,1d8e4f5b-8336-47d1-9a9b-cad584042c31,Tết vào,2026-03-02 03:14:20.000000
82facdca-1a39-4aa3-b906-9d70eb9a0039,27e1b922-7bd4-4178-ad1b-5f4442d81516,hoa văn biển mùa hè,2026-03-01 13:43:52.000000
ce8f4076-1596-480b-8c10-127cc306ad7c,1cbaa0bd-cbfd-4933-b137-02f1054745e9,"gấu trắng

trong chúng tôi đơn giản là gấu",2026-03-12 00:00:50.000000
2a7767e5-5373-4a37-abee-34c346cf0023,e3320075-9e73-41f8-a7f4-5f689b9d4516,con chó cao bằng bộ pc,2026-03-10 20:56:44.000000
6bf9576a-88f6-4c81-aea3-0432413406a5,cd773ad9-fa08-48e9-9979-74518210b603,"Design a seamless bandana pattern for a Summer Collection. Tropical vibes, vibrant color palette (coral orange, turquoise blue, sunshine yellow, palm green). Elements: palm leaves, hibiscus flowers, ocean waves, sun icons, abstract geometric accents. Modern minimal line art mixed with soft watercolor textures. High contrast, fashion-forward, trendy Gen Z aesthetic. Square composition, centered focal frame border typical bandana layout. Detailed, print-ready, vector style, ultra high resolution, seamless repeat pattern.
",2026-03-11 11:33:01.000000
cdd556ba-29b5-47fe-afe5-6a8e93bcc6a3,37e1d9b4-9752-4bd4-b496-22524edcd4f9,Thiết kế logo công ty công nghệ AI,2026-03-01 08:35:20.000000
789a0732-7633-4594-94f4-33826f3bff3f,ce81e1a0-8473-4955-8d79-5ce47d520e06,Lá mùa thu hà nội,2026-03-07 04:02:13.000000
29738d2c-6b41-484d-ac81-8a660018f4cc,0bdec085-3dce-4828-82ed-cc438e959120,cảnh biển dưới ánh hoàng hôn chill,2026-03-13 08:07:12.000000
7e493d2c-b261-4c7e-a2fc-728c44e2592c,f8c13c0e-a9ee-416f-acb5-e882aa100d6d,Anime style girl with colorful hair,2026-03-02 08:06:31.000000
14ee839e-1252-4123-b52c-a423ee8dbe27,a4adcd01-7b2b-493c-9560-b2f8013f5eda,Tết vào,2026-02-28 01:31:08.000000
f5d6a5f2-c63e-4829-a0ae-b1205aafe642,b85e4720-ee82-432b-8945-90457073555f,một chút gấu và tuyết rơi cùng ông già noel,2026-03-14 02:32:31.000000
5d22b09c-c9b6-4f8f-82f6-27dab00a03b1,13dc102d-7a50-4eb0-a296-5e84248d96b0,"họa tiết phù hợp sinh viên
 4k",2026-03-05 08:52:05.000000
c070db17-ea24-471f-b533-003e1b8e7aef,27bbe5f4-d9ea-4d30-af58-609b1534760f,"Design a seamless bandana pattern for a Summer Collection. Tropical vibes, vibrant color palette (coral orange, turquoise blue, sunshine yellow, palm green). Elements: palm leaves, hibiscus flowers, ocean waves, sun icons, abstract geometric accents. Modern minimal line art mixed with soft watercolor textures. High contrast, fashion-forward, trendy Gen Z aesthetic. Square composition, centered focal frame border typical bandana layout. Detailed, print-ready, vector style, ultra high resolution, seamless repeat pattern.
",2026-03-09 08:26:20.000000
c1652d74-821c-4c2d-ba40-2d339cc71eba,5e75573c-7525-4761-997e-b9b8c9ad7aee,"gấu trắng

trong chúng tôi đơn giản là gấu",2026-03-14 19:12:10.000000
f59c034c-9f0d-4e4c-997e-f1c42c17128d,9c1e4c08-4c60-4f51-9c88-e8dbffe851e7,hoa sen,2026-03-10 00:27:16.000000
03c7fd1c-8d30-4a65-b3b7-be7aa2f82d02,a4adcd01-7b2b-493c-9560-b2f8013f5eda,"con vịt giữa bãi biển và bờ cát vàng cùng với mặt trời hoàng hôn
",2026-02-25 01:38:19.000000
18c7b033-6871-48dc-98a8-2dfabc68218f,9c1e4c08-4c60-4f51-9c88-e8dbffe851e7,hoa văn biển mùa hè 4k,2026-03-07 10:00:43.000000
dc5146a7-4634-48a4-a949-12e805ec809a,7b488b09-a824-42a5-8229-c789ef0efccd,"hoạ tiết sen vàng tuyền thống cho 8/3
",2026-03-06 19:57:15.000000
d9bc0ecb-2b69-4d6d-9adb-877b85ea2781,69ef4915-4ecb-4885-bb2b-cd09a1c0d251,"Design a seamless bandana pattern for a Summer Collection. Tropical vibes, vibrant color palette (coral orange, turquoise blue, sunshine yellow, palm green). Elements: palm leaves, hibiscus flowers, ocean waves, sun icons, abstract geometric accents. Modern minimal line art mixed with soft watercolor textures. High contrast, fashion-forward, trendy Gen Z aesthetic. Square composition, centered focal frame border typical bandana layout. Detailed, print-ready, vector style, ultra high resolution, seamless repeat pattern.
 đẹp",2026-03-10 09:01:31.000000
fd810297-e8b6-488e-b2f5-484fecdeb58f,84cb48b8-fc40-48a4-97a3-2d15e81e4d7f,Một con mèo đang bay trên bầu trời,2026-03-03 00:09:52.000000
cf8bb0db-5201-43b7-8066-e891db72e539,0fa2cc81-0478-42ae-877d-1af01555e848,con chó,2026-03-05 17:15:23.000000
f8118ee5-2b42-46b4-ad4e-00bf6eb5c663,0fa2cc81-0478-42ae-877d-1af01555e848,con gà,2026-02-26 06:05:52.000000
12ddd332-3287-4015-9677-768ccf6aa8f7,4e785ae9-9671-43b3-b896-6ac2411083c3,đá realistic,2026-02-21 18:02:57.000000
3cacf9e8-b0b3-4384-98eb-a8a84ffa8301,a868e0c6-444b-4ae3-8bf2-344b3a0fea22,hoa sen,2026-02-27 13:25:40.000000
b09e134c-5f2b-4d59-b951-1b7d8d5b0d6d,b0c1a2b5-efca-42d6-a11f-dc0208a56eb9,"tuyết rơi cùng người tuyết
",2026-02-26 06:09:42.000000
0196922a-562a-4d16-bbb5-b80c34fbd2bd,ddb62363-0eeb-44bb-93dc-7cf6e58ee53a,hoa sen,2026-02-27 23:35:05.000000
898558a9-0caf-444d-9538-e008b513940a,13dc102d-7a50-4eb0-a296-5e84248d96b0,"đá
",2026-02-24 09:54:40.000000
786689cd-82b0-41fc-adcb-aef5a649d442,a1affe4a-59aa-4a8f-83c5-5f6667eb22d6,"Thiết kế khăn bandana hình vuông với họa tiết lặp lại (seamless pattern), phong cách streetwear hiện đại. Trung tâm là họa tiết paisley truyền thống kết hợp các đường nét hình học. Màu chủ đạo đen và đỏ, điểm nhấn trắng. Thiết kế cân đối 4 góc, chi tiết sắc nét, phong cách thời trang, phù hợp in trên vải bandana. 4k",2026-03-14 20:05:10.000000
f5817459-3eec-4202-b938-55c2662c6103,13dc102d-7a50-4eb0-a296-5e84248d96b0,Dragon,2026-03-04 18:07:32.000000
69afc0d3-06dd-44dd-8f8e-2bf032d2e280,71dd7cd0-04ac-44f3-b454-a1a8e061ed13,"Tết 2026
",2026-02-27 09:59:48.000000
8bab0e1b-aa9e-4949-9f2c-08b982241417,0b193e0c-ebb9-4ee1-85d5-c5c0a9141870,tết sáng tạo,2026-03-04 14:13:55.000000
02887af4-9b25-4316-96e1-2ed6d903a6aa,1cbaa0bd-cbfd-4933-b137-02f1054745e9,Dragon,2026-03-09 04:17:05.000000
d647ba28-dc97-4961-91c4-5c338e3c8e26,f274cd87-a366-49a7-a960-3e7adc0024d0,"núi tuyết và rừng hoa đào cùng với cô gái đang đứng đó
 realistic",2026-03-08 18:06:03.000000
e29138ad-1ca8-4aeb-a767-3875a9d85e1b,1d8e4f5b-8336-47d1-9a9b-cad584042c31,cảnh biển dưới ánh hoàng hôn chill,2026-03-11 00:15:31.000000
a78c0817-0d35-42b0-9da8-b0398dd3c570,2a1aaf01-bf9f-4f22-bef2-357c4f39f4bf,"3 thằng spiderman trong noway home
",2026-03-04 04:21:49.000000
d3ac8eb6-fc3f-4bef-9c3b-c0c372cdea17,7b6022af-2fc9-486e-aed9-c9998496adb1,"3 thằng spiderman trong noway home
",2026-03-14 03:20:04.000000
9ae18d77-1854-4cdf-ad13-6e662af13ea2,abe78541-fac2-470c-8426-73efcebad99f,Chó mặt xệ mặc vest đen sáng tạo,2026-03-09 16:47:37.000000
1bc2ad12-0082-460c-8a00-dd7d90e5a93f,e8f708ac-db65-4c98-855a-c6666f54f08c,"con vịt giữa bãi biển và bờ cát vàng cùng với mặt trời hoàng hôn
 hoạt hình",2026-03-09 20:21:42.000000
f2824ed4-3989-4961-9a24-680d2777a771,dd0cb798-ef42-4302-a6d6-cfe953f1feea,"Luxury square silk scarf design, artistic ocean waves meeting golden beach sand under a glowing sunset, flowing curves inspired by sea tides, warm sunset palette (amber, coral, soft pink, lavender), delicate hand-drawn illustration, subtle watercolor and silk texture, elegant ornamental border with seashells and starfish, symmetrical composition, refined coastal aesthetic, fashion textile pattern, sophisticated bandana design, ultra detailed, high resolution 4k",2026-03-01 12:01:28.000000
4f489cb1-6e85-409b-9937-bdcf1ec5830e,abe78541-fac2-470c-8426-73efcebad99f,"đá
",2026-02-23 08:20:47.000000
4bbd0bcc-b9be-43e3-b5b8-69c13215ba0d,d8247c93-5e07-4570-bcba-b4dc5ff19123,Dragon realistic,2026-02-20 16:26:10.000000
6a582124-4559-4591-84a8-1b03b8ba10dc,5cc6c166-5e52-4cbc-a110-eb0e5be2f9e3,"họa tiết trẻ trung, phù hợp sinh viên",2026-03-05 22:01:00.000000
74d4f222-5ccc-4c8f-bd5f-c84e65573fc0,d250643e-1cc0-4ae4-991c-dd63b70f7570,Watercolor painting of a blooming garden 4k,2026-03-03 19:21:19.000000
bbe28c90-8df6-49c7-852c-452fe2929a04,276e4416-0ff1-4ed6-8a04-ee1de5a150ca,hoa văn bướm đẹp,2026-03-14 18:59:05.000000
414540b5-06e7-4e46-ac8f-756bb349a4a7,0d59a491-b592-48b1-81b5-93c0d931a95b,"đá
",2026-03-10 12:13:05.000000
c915e0f9-c636-4762-9f2c-7038e8c076c1,bc7c8dd7-afba-422d-8461-f70df34d3833,"tôi muốn một cái khăn màu xanh nước biển, hoạ tiết sóng biển, bãi cát vàng giữa hoàng hôn sáng tạo",2026-02-25 18:40:42.000000
16508fc9-e68d-4d25-9855-58038d854dfa,5cc6c166-5e52-4cbc-a110-eb0e5be2f9e3,"tôi muốn một cái khăn màu xanh nước biển, hoạ tiết sóng biển, bãi cát vàng ",2026-03-03 01:22:33.000000
a49f050d-c3e6-4c2e-a348-22b2e3d92baa,d8247c93-5e07-4570-bcba-b4dc5ff19123,"gấu bắc cực
",2026-03-05 00:54:45.000000
d2f5d959-0242-4f4b-873e-1562d4bbca4c,fef0347c-4e2b-4ded-ae0b-e272ce4301de,tết,2026-02-24 17:00:14.000000
85ce997b-4c1d-4616-8c25-26d900af353e,a868e0c6-444b-4ae3-8bf2-344b3a0fea22,Lá mùa thu hà nội 4k,2026-03-09 07:11:00.000000
3b411fcc-7ce9-451f-862a-e652eb1627ec,e2cf11ab-0213-4e4a-8b0a-ddb678c56d98,"Thiết kế khăn bandana hình vuông với họa tiết lặp lại (seamless pattern), phong cách streetwear hiện đại. Trung tâm là họa tiết paisley truyền thống kết hợp các đường nét hình học. Màu chủ đạo đen và đỏ, điểm nhấn trắng. Thiết kế cân đối 4 góc, chi tiết sắc nét, phong cách thời trang, phù hợp in trên vải bandana. hoạt hình",2026-03-02 20:56:29.000000
420aabbb-ffad-4f58-bcb5-eb1a2ddb260f,95099945-ddba-486e-96f4-33ebda5036a5,hoạ tiết tết 2026,2026-03-07 14:22:09.000000
9ca0b0b5-a4d6-4256-91a5-c85869e1cbbb,5fa54eb2-209c-4903-baa8-d7a8e2914a0a,tạo khăn cho bst mùa đông 4k,2026-03-05 02:37:05.000000
465824dd-7d5d-446c-ae5e-aaf5db7df250,7d1aff79-07ff-44e5-ae1e-e6f9e1b1ff59,Thiết kế logo công ty công nghệ AI,2026-03-09 18:51:36.000000
190b0200-e30d-42b2-88a0-3e1ea61ef7a3,509670ee-7815-4864-b1ec-234bba1117ba,tết,2026-03-04 15:06:18.000000
679d2a3d-32ec-4108-a375-db0ca7066ad7,531547a3-9d5e-4cca-b9d2-f673f898b857,Watercolor painting of a blooming garden realistic,2026-03-07 02:40:18.000000
f27de083-262e-499a-bf4e-20943a339c32,13dc102d-7a50-4eb0-a296-5e84248d96b0,con chó hoạt hình,2026-02-24 00:19:06.000000
3fe0a3a8-4804-4f37-afce-59b183cf5a56,b427be6f-b72c-4e71-87fb-8beab0f48f7d,"Design a seamless bandana pattern for a Summer Collection. Tropical vibes, vibrant color palette (coral orange, turquoise blue, sunshine yellow, palm green). Elements: palm leaves, hibiscus flowers, ocean waves, sun icons, abstract geometric accents. Modern minimal line art mixed with soft watercolor textures. High contrast, fashion-forward, trendy Gen Z aesthetic. Square composition, centered focal frame border typical bandana layout. Detailed, print-ready, vector style, ultra high resolution, seamless repeat pattern.
",2026-03-05 03:55:01.000000
42773840-ffbd-4692-8d76-f5e9194c674e,6f6536cc-eed1-4a0e-a63e-306cff79775e,tạo khăn cho bst mùa đông,2026-03-05 12:05:31.000000
1c10efb8-cbe4-479f-b5d0-cc2a142f0503,ee9faf3f-51e0-407b-a1b1-5a1547b248f6,"Tết 2026
",2026-03-12 00:11:15.000000
60e27cd0-393c-48c7-ae9c-60399ef7ed64,1be29191-a0c6-482b-912f-dc03a8258790,hoa sen,2026-02-22 05:34:32.000000
199da45a-fe2c-4d85-ba7b-b9f511f212df,c4a012b2-f0c8-4a29-aceb-e1684d0e5ae7,"tôi muốn một cái khăn màu xanh nước biển, hoạ tiết sóng biển, bãi cát vàng  đẹp",2026-02-27 01:02:41.000000
8387085c-853a-40fb-b972-58b6a5b2e3e1,bc7c8dd7-afba-422d-8461-f70df34d3833,Lá mùa thu hà nội sáng tạo,2026-02-20 00:22:41.000000
fe63bf72-5429-446d-b9a3-586705549580,95b7bc2b-eda5-4e1c-ae84-9c55f5177b34,"Thiết kế khăn bandana hình vuông với họa tiết lặp lại (seamless pattern), phong cách streetwear hiện đại. Trung tâm là họa tiết paisley truyền thống kết hợp các đường nét hình học. Màu chủ đạo đen và đỏ, điểm nhấn trắng. Thiết kế cân đối 4 góc, chi tiết sắc nét, phong cách thời trang, phù hợp in trên vải bandana.",2026-02-21 05:42:35.000000
caddb4c9-1dcf-434f-a66b-d3285d7d1beb,650e89e8-972b-4675-97a8-773ff9096417,"Thiết kế khăn bandana hình vuông với họa tiết hai con gấu dễ thương ở trung tâm, phong cách hoạt hình, màu sắc tươi sáng, bố cục đối xứng, pattern lặp lại ở các góc, thiết kế phù hợp in trên vải bandana.",2026-03-07 01:24:52.000000
914585a1-3551-46e5-bd65-15a7d9e32d14,1cbaa0bd-cbfd-4933-b137-02f1054745e9,"boxing
",2026-03-05 12:03:37.000000
564a271e-199c-45af-b102-7ef8b5e5261a,8fb11f41-5dec-4495-b443-70b1192d1748,"Thiết kế khăn bandana hình vuông với họa tiết hai con gấu dễ thương ở trung tâm, phong cách hoạt hình, màu sắc tươi sáng, bố cục đối xứng, pattern lặp lại ở các góc, thiết kế phù hợp in trên vải bandana. masterpiece",2026-03-10 01:12:49.000000
ed263836-d7f6-44d8-9200-6b2dd373f965,a4adcd01-7b2b-493c-9560-b2f8013f5eda,tạo khăn cho bst mùa đông,2026-03-13 01:04:46.000000
27991ec9-be1f-4c32-bab9-6530adba2e6a,7f93b64e-ebff-4d77-b543-7da4ccb1d40a,Tết 2026,2026-02-23 19:34:39.000000
e77f926e-0a1e-4d8d-a523-ee2e051d249c,c09c5aaf-1e80-4f45-9f57-dadcb69bccf4,"đá
",2026-03-05 18:54:10.000000
5705043d-93ca-4e9a-a6fd-aba3b7f0b6f2,e8f708ac-db65-4c98-855a-c6666f54f08c,Lá mùa thu hà nội,2026-03-06 11:59:04.000000
0ac860d4-31ba-41dd-8c90-cd4baa5fe1a5,a8775954-cd0f-4c66-b77a-46c55eb30d67,mèo và tuyết rơi cùng ông già noel 4k,2026-02-26 11:51:04.000000
f1ffafbd-3b90-4be6-859d-117ed272f713,3995c91c-87c0-49af-a23a-e16bb7f3b604,siêu nhân trump,2026-03-11 01:39:28.000000
d313a680-d18e-4d00-aa70-42f06c4b4c30,98ddf1bc-912e-4657-8d4c-2ebe383433ac,hoạ tiết tết 2026,2026-02-21 09:44:51.000000
e38af725-7a29-4e9a-91dd-9c75a5a73cf5,4bc377e2-264c-4e4a-bf1c-6a9cc97035a2,"họa tiết phù hợp sinh viên
 realistic",2026-03-06 06:29:55.000000
9e762918-5dd8-4502-a6af-d1350837acab,49d504a5-eba8-4129-ac07-03d853f52d35,"tôi muốn một cái khăn màu xanh nước biển, hoạ tiết sóng biển, bãi cát vàng giữa hoàng hôn",2026-03-10 07:59:43.000000
8ba80371-6eef-4a93-8adb-f807732c1d49,69ef4915-4ecb-4885-bb2b-cd09a1c0d251,"gấu trắng

trong chúng tôi đơn giản là gấu",2026-03-10 23:00:47.000000
b2859624-1171-4d89-bde2-545d7f67e806,7d09392c-fdea-46d9-b00f-661ebe886d5f,hoa văn sen,2026-03-07 04:22:02.000000
b66e98b1-7c8f-4299-810f-589fdfc6449c,b95a5eab-fe7f-4be0-8561-d3cb815348bd,hoa văn sen,2026-03-11 20:21:32.000000
35bca769-1bfd-46a6-b606-8f2dde44c98a,b0cd34b7-15b2-49b5-98bf-829dacd97180,hoàng tử và công chúa,2026-03-02 23:40:58.000000
2aef23f3-fee3-4288-b2c1-bdde379416f3,509670ee-7815-4864-b1ec-234bba1117ba,"Dân chơi ở dưới mưa cầm điếu cày và miệng nhả khói giữa chốn đô thị
",2026-02-22 18:12:31.000000
81c8e541-af1d-4430-b99e-638e564de5d0,c1815d8d-0b98-43f4-b948-cfcae1ed80ae,"Thiết kế khăn bandana hình vuông với họa tiết hai con gấu dễ thương ở trung tâm, phong cách hoạt hình, màu sắc tươi sáng, bố cục đối xứng, pattern lặp lại ở các góc, thiết kế phù hợp in trên vải bandana.",2026-02-21 08:31:16.000000
fffc9f1e-3bac-4411-b93f-c0666e019a36,0d59a491-b592-48b1-81b5-93c0d931a95b,"Thiết kế khăn bandana hình vuông với họa tiết lặp lại (seamless pattern), phong cách streetwear hiện đại. Trung tâm là họa tiết paisley truyền thống kết hợp các đường nét hình học. Màu chủ đạo đen và đỏ, điểm nhấn trắng. Thiết kế cân đối 4 góc, chi tiết sắc nét, phong cách thời trang, phù hợp in trên vải bandana. masterpiece",2026-02-21 21:46:07.000000
8ca7d8a2-3e5d-497d-a895-ea520af9e41a,a85509c7-52fd-4a42-8538-298f35db7144,Bức tranh phong cảnh núi rừng mùa thu,2026-02-22 16:16:42.000000
8c1db998-040a-40a7-a34a-24570a876907,9ab7c8a2-7d4c-4c3f-aa0a-455be10c6452,"Sông nước
",2026-03-02 20:22:42.000000
547e3904-6e20-4cb3-9db0-5d8dfd0db906,cb233a55-0fa9-4cdf-9b7b-cdb9f3bb0556,"boxing
",2026-03-11 01:33:27.000000
5ca96b7e-511b-4b88-a623-4414f0614c41,84cb48b8-fc40-48a4-97a3-2d15e81e4d7f,Watercolor painting of a blooming garden hoạt hình,2026-03-14 00:10:40.000000
ca1db869-339e-4372-9c73-8e351a0d416d,f8c13c0e-a9ee-416f-acb5-e882aa100d6d,hoa văn bướm,2026-03-12 12:49:49.000000
14f5f01a-8592-47d1-bb17-53c75eead0f2,943ae63f-0877-4580-9950-f0b1749b0743,"rocket
",2026-02-28 02:33:31.000000
83f16394-14b1-4676-8bcd-eb98bcb64ce0,04e5c39e-56d9-4eb7-9227-b51695bbaefb,Realistic portrait of an old man with wrinkles,2026-02-25 00:56:44.000000
67859266-ce19-4c73-a783-ebe8d5074480,a868e0c6-444b-4ae3-8bf2-344b3a0fea22,Phi hành gia đang lướt sóng trên mặt trăng,2026-02-23 02:01:57.000000
c1bd9203-2814-473b-9593-a5063fe67ecd,007c2a26-f165-4314-983b-be07dbf63a39,"Sông nước
 đẹp",2026-03-12 18:46:12.000000
d3a138f8-9fc7-4143-a4aa-44518303dd28,84babc1b-d1f3-4b3a-930a-3634751a076c,hoa văn biển mùa hè 4k,2026-02-25 15:36:05.000000
864091e6-7328-4583-80a2-6c1f7b58dc97,95330afe-d136-48ef-85e9-7384a1d6a779,"họa tiết phù hợp sinh viên
 hoạt hình",2026-02-21 01:43:26.000000
052d7b7f-a0e7-4b38-854b-c6c7332b8a79,37e1d9b4-9752-4bd4-b496-22524edcd4f9,"Dân chơi ở dưới mưa cầm điếu cày và miệng nhả khói giữa chốn đô thị
",2026-03-01 06:51:19.000000
d2bed962-64ac-4cc7-b419-02ba35ce748d,2258e3ac-85db-4e20-82cc-7c0fc89be959,Anime style girl with colorful hair hoạt hình,2026-02-23 07:15:51.000000
3dd37d8c-e304-4c94-b057-fc1425ec1d51,b0c1a2b5-efca-42d6-a11f-dc0208a56eb9,"Luxury square silk scarf design, artistic ocean waves meeting golden beach sand under a glowing sunset, flowing curves inspired by sea tides, warm sunset palette (amber, coral, soft pink, lavender), delicate hand-drawn illustration, subtle watercolor and silk texture, elegant ornamental border with seashells and starfish, symmetrical composition, refined coastal aesthetic, fashion textile pattern, sophisticated bandana design, ultra detailed, high resolution",2026-03-14 07:31:44.000000
1b828fd2-fd63-44cb-bd03-43ea5a679f47,e984f545-b306-4363-8b00-3e2a523d9f4e,"Trứng vịt ở giữa đồng cỏ
",2026-03-12 10:11:33.000000
191c9a4a-dcdb-4160-b808-a4c0e9961a31,c332351c-0e39-4d3b-bff8-7cd082a4652d,"Luxury square silk scarf design, artistic ocean waves meeting golden beach sand under a glowing sunset, flowing curves inspired by sea tides, warm sunset palette (amber, coral, soft pink, lavender), delicate hand-drawn illustration, subtle watercolor and silk texture, elegant ornamental border with seashells and starfish, symmetrical composition, refined coastal aesthetic, fashion textile pattern, sophisticated bandana design, ultra detailed, high resolution 4k",2026-02-24 01:10:33.000000
87f1b8b1-67be-439b-9f97-5e4f975506c0,ee9faf3f-51e0-407b-a1b1-5a1547b248f6,Chó mặt xệ mặc vest đen masterpiece,2026-02-22 21:54:30.000000
9a00872a-2c01-48dc-b998-905c12939019,614284c7-7d4c-4c73-a8b4-5ecaa75923dd,hoa sen,2026-02-24 11:07:58.000000
c8183d47-82fa-4ad8-9b21-11a98baba510,30225e0c-b458-4a46-b5ab-6fa790610cbd,"gấu bắc cực\
",2026-03-04 21:02:46.000000
e547f183-4dec-4659-ab2e-d73f7261f40c,5e75573c-7525-4761-997e-b9b8c9ad7aee,"Luxury square silk scarf design, artistic ocean waves meeting golden beach sand under a glowing sunset, flowing curves inspired by sea tides, warm sunset palette (amber, coral, soft pink, lavender), delicate hand-drawn illustration, subtle watercolor and silk texture, elegant ornamental border with seashells and starfish, symmetrical composition, refined coastal aesthetic, fashion textile pattern, sophisticated bandana design, ultra detailed, high resolution",2026-03-05 02:05:52.000000
17e88009-3f47-4ba3-9b52-e7678b2ab2c9,614284c7-7d4c-4c73-a8b4-5ecaa75923dd,"Thiết kế khăn bandana hình vuông với họa tiết hai con gấu dễ thương ở trung tâm, phong cách hoạt hình, màu sắc tươi sáng, bố cục đối xứng, pattern lặp lại ở các góc, thiết kế phù hợp in trên vải bandana.",2026-03-07 19:36:12.000000
280d5d63-c071-453b-9598-2b45bd00e052,32c77b6b-7adb-4be6-b3c4-eb6b358d943b,hoa loa kèn,2026-03-09 14:26:10.000000
77cf54ea-ae2d-4323-90e0-53939b4ba7de,f8c13c0e-a9ee-416f-acb5-e882aa100d6d,tạo khăn cho bst mùa đông hoạt hình,2026-02-25 15:15:04.000000
99ae7037-6cc8-4bde-98d0-e827f7ea6c84,0dae66af-39f9-4fcf-8999-9b0d65d1ae31,"gấu trắng

trong chúng tôi đơn giản là gấu",2026-02-23 10:57:06.000000
eb39ff04-5834-4e32-98fb-578d4e2ed39d,f7134c2f-54b9-400f-b8f9-cb73685554c3,hoạ tiết tết 2026,2026-02-20 10:41:35.000000
e22cc4bd-98d4-47aa-930f-3ce7ebabfc12,faf5100a-09cb-463f-a737-08b370e119c2,"đá
",2026-03-14 14:31:48.000000
f12a64f8-7e22-4d56-8e61-353eb9b8cbee,1dfd4e33-fbbd-4895-b7f0-b3d7df962502,"boxing
 hoạt hình",2026-03-06 05:04:21.000000
76f10406-81c4-4765-930b-c96543102c59,37e1d9b4-9752-4bd4-b496-22524edcd4f9,Yêu em realistic,2026-02-21 19:40:30.000000
5a974eca-ecbc-4307-aac7-1484c956d7e5,46a34f7b-0f24-49fd-9b9a-c70f6eb5a56e,"đá
",2026-02-22 02:17:15.000000
1d676b94-fd69-4426-9285-d5387a6f7059,71dd7cd0-04ac-44f3-b454-a1a8e061ed13,"rocket
",2026-02-27 10:15:22.000000
bd78241d-d193-437e-ba61-7b1b1bc45b99,0a3a2009-3208-4aaf-bb8e-21a813b2592f,hoàng tử và công chúa,2026-03-09 20:24:38.000000
4aac7076-0d27-4400-8d8e-ed72433cf81f,fc103fb0-1681-4439-8e01-597afd40ae80,con chó,2026-02-23 02:59:58.000000
6b480722-20d1-4857-8601-90fe804ad424,953bfbca-4988-47ae-9629-93ed4e3640d0,tết,2026-03-06 15:04:12.000000
dabaceea-39ee-43ce-b6e9-4fc42c4846f5,8fbe79b4-faf5-4ea3-b7e1-d4c5bda003c0,Dragon hoạt hình,2026-02-28 19:13:43.000000
7399377b-151c-4912-819e-ee8effafc5f3,3394e510-28f4-4da7-b4cc-6d182faa30e9,Tết 2026,2026-03-02 07:57:08.000000
c0153e15-998a-4d7b-bd3b-9e5bf9a1d7a8,515b152e-321f-4859-aa11-e006c545485e,Yêu em,2026-03-11 11:16:37.000000
4a776f3a-1ab4-45d2-821c-8b174b1ec4e6,c09c5aaf-1e80-4f45-9f57-dadcb69bccf4,Tết 2026,2026-02-23 07:21:49.000000
9613405e-ab5c-40a9-93d1-e35b1dfd853e,86c3a8b1-f67e-4e73-b489-2020997e3939,siêu nhân trump,2026-02-24 09:08:37.000000
4761f0c6-b65f-495e-9cb8-d5f3bcfcc1f2,dda4253f-917a-4c17-aee3-6698da64fb71,"Design a seamless bandana pattern for a Summer Collection. Tropical vibes, vibrant color palette (coral orange, turquoise blue, sunshine yellow, palm green). Elements: palm leaves, hibiscus flowers, ocean waves, sun icons, abstract geometric accents. Modern minimal line art mixed with soft watercolor textures. High contrast, fashion-forward, trendy Gen Z aesthetic. Square composition, centered focal frame border typical bandana layout. Detailed, print-ready, vector style, ultra high resolution, seamless repeat pattern.
",2026-03-07 08:13:47.000000
50fad5bd-b3ce-47e2-b1a3-0c688844e6fd,5c629870-2f4b-4a06-a0d7-7d5718442555,con chó,2026-02-27 11:13:18.000000
8cd330e5-13f1-4db5-b8fe-fa95f6b86e19,b95a5eab-fe7f-4be0-8561-d3cb815348bd,Chó mặt xệ mặc vest đen,2026-03-05 17:24:35.000000
f51ef573-0270-4bed-9a88-3bbb4cb9ddb6,dd0ebc29-d11e-462f-8080-d70b6c468f4a,"Design a seamless bandana pattern for a Summer Collection. Tropical vibes, vibrant color palette (coral orange, turquoise blue, sunshine yellow, palm green). Elements: palm leaves, hibiscus flowers, ocean waves, sun icons, abstract geometric accents. Modern minimal line art mixed with soft watercolor textures. High contrast, fashion-forward, trendy Gen Z aesthetic. Square composition, centered focal frame border typical bandana layout. Detailed, print-ready, vector style, ultra high resolution, seamless repeat pattern.
",2026-03-06 00:53:54.000000
22d4c4ab-9c7a-42de-80a7-1be41ced52d7,4bc377e2-264c-4e4a-bf1c-6a9cc97035a2,"tuyết rơi cùng người tuyết
",2026-03-10 18:31:18.000000
c351e2e2-30e7-4340-b099-758f8129a5f3,27ccf7a4-74b0-421d-ac99-273644e13380,Chó mặt xệ mặc vest đen 4k,2026-03-05 04:16:18.000000
b9add6f7-12be-440e-bf30-210eae689133,f66c55dd-31c9-4733-b2b0-5cd2cbd5b557,"rocket
 masterpiece",2026-03-10 03:18:30.000000
e4f9f032-5baf-4a84-b789-1256e17c8d0c,b95a5eab-fe7f-4be0-8561-d3cb815348bd,"Design a seamless bandana pattern for a Summer Collection. Tropical vibes, vibrant color palette (coral orange, turquoise blue, sunshine yellow, palm green). Elements: palm leaves, hibiscus flowers, ocean waves, sun icons, abstract geometric accents. Modern minimal line art mixed with soft watercolor textures. High contrast, fashion-forward, trendy Gen Z aesthetic. Square composition, centered focal frame border typical bandana layout. Detailed, print-ready, vector style, ultra high resolution, seamless repeat pattern.
",2026-03-09 07:20:56.000000
8f06cccd-bc76-4e1b-9809-48d42462d979,0d59a491-b592-48b1-81b5-93c0d931a95b,Lá mùa thu hà nội,2026-03-12 06:06:59.000000
02aa041f-740c-41b4-aa70-9ea71d8d14c2,001f054f-0281-482b-8e9f-b21ca7c30477,Tên lửa ,2026-03-10 23:08:53.000000
37098fc9-b81b-4897-a05a-883038aa271a,6499c168-1856-449c-a4d9-3f36d25cbcf6,"núi tuyết và rừng hoa đào cùng với cô gái đang đứng đó
 hoạt hình",2026-02-28 22:02:54.000000
6ad001e9-5647-421a-841d-7aea97f2145c,bd8a1352-191c-41f8-9a58-dc1056513d2a,"đá
 masterpiece",2026-03-02 14:42:14.000000
a438821b-5005-433f-84ce-c25ad9849d42,16aa5364-1316-42c0-bfe3-17c9de36cdb1,hoàng tử và công chúa,2026-02-24 11:12:59.000000
226bcc1b-f871-4ee9-9877-8d7188ea9846,88c7c0ae-6e9a-4492-b402-6202cea92e2e,"hoạ tiết sen vàng tuyền thống cho 8/3
",2026-02-22 08:50:27.000000
59981d38-67b5-4694-9293-712fbb3b68b7,a639249a-9c80-47d1-bfef-81abc6a363de,"3 thằng spiderman trong noway home
",2026-02-20 17:03:10.000000
564a9b21-8ca0-4a6c-a8d5-34a86bc74321,c1815d8d-0b98-43f4-b948-cfcae1ed80ae,"Thiết kế khăn bandana hình vuông với họa tiết hai con gấu dễ thương ở trung tâm, phong cách hoạt hình, màu sắc tươi sáng, bố cục đối xứng, pattern lặp lại ở các góc, thiết kế phù hợp in trên vải bandana.",2026-03-01 23:19:14.000000
dc1eeabf-beff-4637-ad68-892a714c1c98,84babc1b-d1f3-4b3a-930a-3634751a076c,hoạ tiết tết 2026,2026-03-05 09:41:10.000000
3a3cdb7a-5837-488f-9d82-bd0673f6caa0,79068a7f-a698-4001-99aa-cfaf395ff36c,"rocket
",2026-03-08 08:17:44.000000
1272424f-3cde-4413-8b01-c5b18a053db4,a6363040-ce8e-474d-aa13-abd8e2ab4f16,Cyberpunk city art 4k resolution hoạt hình,2026-03-13 23:25:03.000000
54aaf356-f857-44e7-9e1e-51577ba58183,3933b3a4-4df7-455b-89a8-343b2d6be756,"họa tiết hip hop, đen trắng
",2026-02-23 17:15:12.000000
bfb24355-a391-40e7-8d09-e240c89dd49c,299a1f4a-ecf8-44e9-a1a5-5ca131b3a6bf,"Thiết kế khăn bandana hình vuông với họa tiết lặp lại (seamless pattern), phong cách streetwear hiện đại. Trung tâm là họa tiết paisley truyền thống kết hợp các đường nét hình học. Màu chủ đạo đen và đỏ, điểm nhấn trắng. Thiết kế cân đối 4 góc, chi tiết sắc nét, phong cách thời trang, phù hợp in trên vải bandana.",2026-02-28 15:59:08.000000
ab869685-73cc-48a3-9270-820b29d0d228,fc103fb0-1681-4439-8e01-597afd40ae80,"boxing
",2026-02-20 05:22:23.000000
0f1aca49-cf76-44ab-8a0d-8c8820b8e0ae,6f6536cc-eed1-4a0e-a63e-306cff79775e,Cyberpunk city art 4k resolution masterpiece,2026-03-04 16:17:15.000000
8cfe05e8-e820-45c5-b1ed-3f273d8dc836,4eb5293b-e1e5-4dfd-be19-9f9d39046b95,"Thiết kế khăn bandana hình vuông với họa tiết hai con gấu dễ thương ở trung tâm, phong cách hoạt hình, màu sắc tươi sáng, bố cục đối xứng, pattern lặp lại ở các góc, thiết kế phù hợp in trên vải bandana.",2026-03-09 20:31:30.000000
2f1d60e6-0e32-4608-9004-9855c230cf0b,4d94fddf-f172-42ce-af92-7975e002ae46,tết,2026-02-24 18:34:54.000000
a5e6af23-64e5-4a0f-9457-0a3e21bb6669,84cb48b8-fc40-48a4-97a3-2d15e81e4d7f,hoa văn bướm,2026-02-25 04:35:48.000000
560f6a00-b505-4aef-bb34-4d15cf4e18c5,85a23f1d-0e47-4903-a49c-62e7ee910b3d,"Luxury square silk scarf design, artistic ocean waves meeting golden beach sand under a glowing sunset, flowing curves inspired by sea tides, warm sunset palette (amber, coral, soft pink, lavender), delicate hand-drawn illustration, subtle watercolor and silk texture, elegant ornamental border with seashells and starfish, symmetrical composition, refined coastal aesthetic, fashion textile pattern, sophisticated bandana design, ultra detailed, high resolution 4k",2026-03-13 11:44:05.000000
e9e736b5-6d67-4246-afb2-f8b890232160,abc8e660-df7a-424a-8fde-9653ff0f089e,tết,2026-02-24 03:20:33.000000
9945a588-889f-4516-860e-901e0727d7ef,d3eb8cc1-0e60-4572-901b-5b3b38cb36ab,cảnh biển dưới ánh hoàng hôn chill realistic,2026-03-03 13:19:27.000000
33d8214b-ee16-4c3e-9183-1c9a41f183a9,6c6ffb90-071d-4d54-a39c-dad185ab74c3,tạo khăn cho bst mùa đông,2026-03-05 11:04:54.000000
e6e5ccb0-51e6-43f1-9536-a0d3b8fd2111,f7134c2f-54b9-400f-b8f9-cb73685554c3,"họa tiết phù hợp sinh viên
",2026-03-13 09:21:53.000000
06a0cc42-0c9c-43ef-8d7b-1d2e403052ba,c332351c-0e39-4d3b-bff8-7cd082a4652d,"tuyết rơi cùng người tuyết
",2026-02-27 15:51:49.000000
bbccacf9-d535-4a27-94e2-5ebf1ffbaa68,ccc32ff2-b69e-45af-9c3e-eef28c3b1297,Bức tranh phong cảnh núi rừng mùa thu,2026-03-04 08:30:30.000000
92357d77-d65c-41b3-8126-299b2375c864,88c7c0ae-6e9a-4492-b402-6202cea92e2e,Tết vào,2026-02-26 20:56:27.000000
ae6d8e40-aad9-4a7f-a72c-b48a857beb5c,5cc6c166-5e52-4cbc-a110-eb0e5be2f9e3,"gấu bắc cực
",2026-02-20 09:37:06.000000
4c5d4cc7-79e3-4d39-8bfb-b42682797193,a8775954-cd0f-4c66-b77a-46c55eb30d67,"tôi muốn một cái khăn màu xanh nước biển, hoạ tiết sóng biển, bãi cát vàng giữa hoàng hôn 4k",2026-03-01 00:59:44.000000
7fdf9ac9-c055-487b-804d-ccafc5982221,dda4253f-917a-4c17-aee3-6698da64fb71,Thiết kế logo công ty công nghệ AI hoạt hình,2026-02-24 08:52:35.000000
1b9f35d5-6aa7-401a-8563-186dbcd6628a,3bd38538-e72f-4142-8887-324de41a7b47,Phi hành gia đang lướt sóng trên mặt trăng hoạt hình,2026-02-23 04:36:18.000000
451ca629-a10a-43cb-b3f4-ab6d9314a3c4,0bdec085-3dce-4828-82ed-cc438e959120,"tôi muốn một cái khăn màu xanh nước biển, hoạ tiết sóng biển, bãi cát vàng ",2026-03-01 20:32:59.000000
7052bb76-9521-442e-9d0c-a0b3c8ec0fa1,ea1f6e2e-0112-4d05-9ad4-141190ca59e3,con chó cao bằng bộ pc,2026-02-28 18:13:04.000000
295656fa-0d55-483e-9694-1b5c273536e5,ba40b02e-f6e1-4ae2-be58-b684101ec3ce,Tết 2026 đẹp,2026-02-21 13:39:48.000000
0b47bed2-3fd0-4688-8028-9f9f50a174ac,59b09df9-c0f5-42bf-92cb-9379fc5b201e,Yêu em đẹp,2026-03-01 01:51:49.000000
52903c60-4d97-44f1-b39a-c3b9209c9510,f66c55dd-31c9-4733-b2b0-5cd2cbd5b557,"Thiết kế khăn bandana hình vuông với họa tiết hai con gấu dễ thương ở trung tâm, phong cách hoạt hình, màu sắc tươi sáng, bố cục đối xứng, pattern lặp lại ở các góc, thiết kế phù hợp in trên vải bandana.",2026-03-11 03:03:54.000000
eec12f5c-86ba-4222-acb7-73b507c97dff,3dedf8b8-c4c2-4a7e-9b06-58ca0bd4d54c,"Thiết kế khăn bandana hình vuông với họa tiết lặp lại (seamless pattern), phong cách streetwear hiện đại. Trung tâm là họa tiết paisley truyền thống kết hợp các đường nét hình học. Màu chủ đạo đen và đỏ, điểm nhấn trắng. Thiết kế cân đối 4 góc, chi tiết sắc nét, phong cách thời trang, phù hợp in trên vải bandana. 4k",2026-02-26 04:23:14.000000
80a78a20-00a6-4e13-8e55-98449157a66e,6b1311a1-7dbc-4f6e-8411-669876d3b402,"đá
",2026-03-06 01:31:21.000000
54127dfd-f75f-4015-8aa5-f39d36e80067,e3edab71-b94c-4b5b-917f-f713e9700b55,"Sông nước
",2026-03-12 00:11:45.000000
ab140150-0d8f-46e7-b054-64f4ec3a4695,7ea1330b-513b-4a0a-9c10-6cf6306c2ce1,gấu masterpiece,2026-03-07 20:35:58.000000
cc98d430-3758-46b6-83ab-77292545768e,95099945-ddba-486e-96f4-33ebda5036a5,"Dân chơi ở dưới mưa cầm điếu cày và miệng nhả khói giữa chốn đô thị
 realistic",2026-02-28 02:06:27.000000
89e3616f-2a4c-4a43-9bab-f1b01c34144a,ccc32ff2-b69e-45af-9c3e-eef28c3b1297,"gấu bắc cực\
",2026-03-11 22:36:30.000000
2bcea93f-d496-4655-a3d3-a23ef8dcb428,eb45a3f2-7480-4a1f-8e14-290715e2da12,con chó,2026-02-21 21:11:48.000000
2c714e70-5ac0-4d8e-9a7f-f746e3f08908,5959ce77-448a-4184-bdcf-ec16858913cc,"Design a seamless bandana pattern for a Summer Collection. Tropical vibes, vibrant color palette (coral orange, turquoise blue, sunshine yellow, palm green). Elements: palm leaves, hibiscus flowers, ocean waves, sun icons, abstract geometric accents. Modern minimal line art mixed with soft watercolor textures. High contrast, fashion-forward, trendy Gen Z aesthetic. Square composition, centered focal frame border typical bandana layout. Detailed, print-ready, vector style, ultra high resolution, seamless repeat pattern.
",2026-03-03 19:09:35.000000
0c6e160b-b706-4a3c-ae90-9fe8b5d51689,0b193e0c-ebb9-4ee1-85d5-c5c0a9141870,"Dân chơi ở dưới mưa cầm điếu cày và miệng nhả khói giữa chốn đô thị
",2026-03-01 05:21:01.000000
b4209650-e4d5-4abf-86ad-8a659f5f39a1,ea1f6e2e-0112-4d05-9ad4-141190ca59e3,boxing masterpiece,2026-03-07 04:05:22.000000
a4c12206-939b-45a2-b35a-b1bc5d646f10,a868e0c6-444b-4ae3-8bf2-344b3a0fea22,con chó,2026-02-25 07:45:58.000000
4c205302-73d8-4d9c-aeb5-90b54cceeba1,d1a8ab0f-c03e-4295-922b-160ebfa0d696,"núi tuyết và rừng hoa đào cùng với cô gái đang đứng đó
",2026-03-11 16:16:46.000000
456a44eb-131b-4421-9e73-a92e1a21d364,f8c13c0e-a9ee-416f-acb5-e882aa100d6d,tạo khăn cho bst mùa đông,2026-03-12 13:25:32.000000
029ab1d7-709d-4d00-813b-a871e7679367,369f6d0b-9ed3-4d09-be94-b3da9a02e909,hoa văn bướm,2026-02-20 18:12:48.000000
4ad4813f-7458-4137-80c8-4367ec8e08d7,0d33e51d-8ba0-4065-b089-65dd9846b88c,chồn đáng yêu,2026-03-13 15:43:21.000000
053835e8-4e11-4fa7-8672-c66e269c4284,645195da-6136-4faf-a679-8a72c092fd3a,con chó cao bằng bộ pc,2026-02-24 07:25:44.000000
43608e0e-0938-4d15-b0a9-c310b8a00883,ec717e8c-e31b-4176-a103-e838623aad05,"đá
 sáng tạo",2026-03-14 13:30:02.000000
bb36daf7-cc6d-448a-b2ac-ad6271306e62,c09c5aaf-1e80-4f45-9f57-dadcb69bccf4,một chút gấu và tuyết rơi cùng ông già noel realistic,2026-02-28 17:35:53.000000
1f1edb4f-c980-4427-bfba-37c7fe973767,26fac450-7791-4c40-bf21-805e11243bc6,hoạ tiết tết 2026,2026-03-10 16:59:22.000000
bf0a6137-31a5-4bab-9ad6-673be785d0e0,408ecfab-2a6b-4656-8844-aba91c449f8b,"con vịt giữa bãi biển và bờ cát vàng cùng với mặt trời hoàng hôn
 4k",2026-03-07 20:04:56.000000
9f1cff63-61ee-48a1-8038-e27eb30f3a69,7b4ebc11-e8f4-41b0-b740-9beeb5147db0,siêu nhân trump đẹp,2026-03-09 14:32:14.000000
8f8b7cb2-3038-4b1d-a402-45fd3b1226b3,0a3a2009-3208-4aaf-bb8e-21a813b2592f,tạo khăn cho bst mùa đông realistic,2026-02-25 23:06:01.000000
875e7504-4de8-4887-97ef-4d6685ef96e3,26ffbddb-33b2-49e4-92b8-68dcd2824d21,"Design a seamless bandana pattern for a Summer Collection. Tropical vibes, vibrant color palette (coral orange, turquoise blue, sunshine yellow, palm green). Elements: palm leaves, hibiscus flowers, ocean waves, sun icons, abstract geometric accents. Modern minimal line art mixed with soft watercolor textures. High contrast, fashion-forward, trendy Gen Z aesthetic. Square composition, centered focal frame border typical bandana layout. Detailed, print-ready, vector style, ultra high resolution, seamless repeat pattern.
 sáng tạo",2026-03-06 05:53:11.000000
3d894fff-4bd6-4c53-aa0a-cf557a80fa4e,abc8e660-df7a-424a-8fde-9653ff0f089e,"hoạ tiết sen vàng tuyền thống cho 8/3
",2026-03-09 03:55:54.000000
b58267db-2122-42b9-a932-16192a3e8a96,7b488b09-a824-42a5-8229-c789ef0efccd,một chút gấu và tuyết rơi cùng ông già noel sáng tạo,2026-03-01 03:13:37.000000
5257ebb8-bbde-40b5-bd7a-0c50c247b4e5,84cb48b8-fc40-48a4-97a3-2d15e81e4d7f,Realistic portrait of an old man with wrinkles,2026-03-14 09:23:03.000000
b538be5f-18cd-4b16-8fba-e8b3e8fc24b9,32b97b1b-cae0-4d1d-9aba-40a34fec84b5,"con vịt giữa bãi biển và bờ cát vàng cùng với mặt trời hoàng hôn
 sáng tạo",2026-03-10 16:44:50.000000
93dafcd8-7d0c-4b79-9050-232e2192aaf1,37457121-7708-40ed-bb3a-9030a747bef8,"tôi muốn một cái khăn màu xanh nước biển, hoạ tiết sóng biển, bãi cát vàng giữa hoàng hôn",2026-02-26 10:30:42.000000
1279b13f-92c7-4d10-940e-5ec2af4b1a03,e2cf11ab-0213-4e4a-8b0a-ddb678c56d98,"Luxury square silk scarf design, artistic ocean waves meeting golden beach sand under a glowing sunset, flowing curves inspired by sea tides, warm sunset palette (amber, coral, soft pink, lavender), delicate hand-drawn illustration, subtle watercolor and silk texture, elegant ornamental border with seashells and starfish, symmetrical composition, refined coastal aesthetic, fashion textile pattern, sophisticated bandana design, ultra detailed, high resolution hoạt hình",2026-03-14 21:51:24.000000
dcd44f40-fc3a-4ad7-a070-4514629c71b9,a6363040-ce8e-474d-aa13-abd8e2ab4f16,"Thiết kế khăn bandana hình vuông với họa tiết lặp lại (seamless pattern), phong cách streetwear hiện đại. Trung tâm là họa tiết paisley truyền thống kết hợp các đường nét hình học. Màu chủ đạo đen và đỏ, điểm nhấn trắng. Thiết kế cân đối 4 góc, chi tiết sắc nét, phong cách thời trang, phù hợp in trên vải bandana. sáng tạo",2026-03-07 10:03:42.000000
60a27650-0b19-4f86-833d-a2c4b9460d8e,3bd38538-e72f-4142-8887-324de41a7b47,"tôi muốn một cái khăn màu xanh nước biển, hoạ tiết sóng biển, bãi cát vàng giữa hoàng hôn",2026-02-27 02:01:54.000000
97c8e0a8-c789-4210-ae98-af1e1e596127,3805645a-a302-4866-af32-eab23db16d60,"Design a seamless bandana pattern for a Summer Collection. Tropical vibes, vibrant color palette (coral orange, turquoise blue, sunshine yellow, palm green). Elements: palm leaves, hibiscus flowers, ocean waves, sun icons, abstract geometric accents. Modern minimal line art mixed with soft watercolor textures. High contrast, fashion-forward, trendy Gen Z aesthetic. Square composition, centered focal frame border typical bandana layout. Detailed, print-ready, vector style, ultra high resolution, seamless repeat pattern.
",2026-03-08 10:45:40.000000
9a3b4462-fb51-4471-b7ca-8f4abbace0e0,cb9e5112-b6d1-454b-a3b6-dfc861adebd8,Phi hành gia đang lướt sóng trên mặt trăng,2026-03-05 11:10:48.000000
3b6bf09b-029b-4135-8312-8f6fe6c022cb,01a3c256-043c-4a6f-badc-c5b3e77f0e61,một chút gấu và tuyết rơi cùng ông già noel,2026-02-25 15:28:23.000000
b36a83ad-2e0e-488b-93db-f24569d4d58f,b0c1a2b5-efca-42d6-a11f-dc0208a56eb9,"rocket
 4k",2026-02-20 00:33:43.000000
042b098e-bd19-459c-a1cd-2ad0b3fd38da,3394e510-28f4-4da7-b4cc-6d182faa30e9,Watercolor painting of a blooming garden,2026-03-05 01:54:11.000000
ce26cf1e-131b-4b66-85a2-7a83cffd7d83,7b4ebc11-e8f4-41b0-b740-9beeb5147db0,Lá mùa thu hà nội,2026-03-02 14:50:25.000000
9b0d2045-f4a5-459a-9ea0-0847054d3443,7b6022af-2fc9-486e-aed9-c9998496adb1,"Design a seamless bandana pattern for a Summer Collection. Tropical vibes, vibrant color palette (coral orange, turquoise blue, sunshine yellow, palm green). Elements: palm leaves, hibiscus flowers, ocean waves, sun icons, abstract geometric accents. Modern minimal line art mixed with soft watercolor textures. High contrast, fashion-forward, trendy Gen Z aesthetic. Square composition, centered focal frame border typical bandana layout. Detailed, print-ready, vector style, ultra high resolution, seamless repeat pattern.
",2026-03-03 12:42:53.000000
2f68ea57-fff2-4a59-9919-631dfb2ff57d,aa38a668-4ea1-4f19-973b-19f4f898fad7,Lá mùa thu hà nội,2026-02-26 01:48:57.000000
b2ad1bff-52bd-4dbd-b736-817e2d5b94f0,16aa5364-1316-42c0-bfe3-17c9de36cdb1,con chó cao bằng bộ pc,2026-02-23 16:11:51.000000
88b07dc1-3cc5-47b8-9e68-6d48e6be1f33,4eb5293b-e1e5-4dfd-be19-9f9d39046b95,"đấm nhau
",2026-02-23 10:39:33.000000
d174550e-43c3-4465-9796-c01847bb83ff,79068a7f-a698-4001-99aa-cfaf395ff36c,Anime style girl with colorful hair,2026-03-13 13:15:35.000000
d63df2ce-1859-47ec-9965-a11f79150ef2,e6f83988-a9da-4bb2-9526-728e65c26e56,"tôi muốn một cái khăn màu xanh nước biển, hoạ tiết sóng biển, bãi cát vàng  đẹp",2026-02-27 20:29:59.000000
33cc9773-a151-43e7-8979-48bc9ba8a7ce,509670ee-7815-4864-b1ec-234bba1117ba,"rocket
",2026-02-25 21:50:29.000000
c6a76b2f-e619-4155-8edd-42e300a42fe4,dbdde2de-c0c6-4d0d-81ad-cdae81212341,Lá mùa thu hà nội,2026-03-11 10:06:23.000000
8f2a934a-e895-4977-9f3d-bccf65f60109,5c629870-2f4b-4a06-a0d7-7d5718442555,Tên lửa  sáng tạo,2026-02-20 08:57:43.000000
0103d344-00fc-4c24-a2ae-7b5fe83fa947,6f6536cc-eed1-4a0e-a63e-306cff79775e,"Thiết kế khăn bandana hình vuông với họa tiết lặp lại (seamless pattern), phong cách streetwear hiện đại. Trung tâm là họa tiết paisley truyền thống kết hợp các đường nét hình học. Màu chủ đạo đen và đỏ, điểm nhấn trắng. Thiết kế cân đối 4 góc, chi tiết sắc nét, phong cách thời trang, phù hợp in trên vải bandana.",2026-02-21 22:04:14.000000
7c7a7893-dc92-4cbf-ac0e-550b1231345d,613495f1-5fbf-4ea8-8830-583a99ec65ef,Khăn bandana hình còn gấu trúc  sáng tạo,2026-02-24 06:10:51.000000
92580133-30ba-4c7a-8f1d-ced277ae724e,22e5466b-4176-4257-99c3-e8bddb7117ac,"Thiết kế khăn bandana hình vuông với họa tiết hai con gấu dễ thương ở trung tâm, phong cách hoạt hình, màu sắc tươi sáng, bố cục đối xứng, pattern lặp lại ở các góc, thiết kế phù hợp in trên vải bandana. realistic",2026-02-26 19:21:05.000000
18e5016d-4cef-48e2-a902-af15bf06181d,26fac450-7791-4c40-bf21-805e11243bc6,"Thiết kế khăn bandana hình vuông với họa tiết lặp lại (seamless pattern), phong cách streetwear hiện đại. Trung tâm là họa tiết paisley truyền thống kết hợp các đường nét hình học. Màu chủ đạo đen và đỏ, điểm nhấn trắng. Thiết kế cân đối 4 góc, chi tiết sắc nét, phong cách thời trang, phù hợp in trên vải bandana.",2026-03-06 01:28:42.000000
fc2c7fed-3bba-4251-a72e-aab29eaf011f,a639249a-9c80-47d1-bfef-81abc6a363de,"họa tiết hip hop, đen trắng
 masterpiece",2026-02-27 06:41:08.000000
98e5ed22-fda5-490b-b0bd-683971f83bca,f274cd87-a366-49a7-a960-3e7adc0024d0,"Design a seamless bandana pattern for a Summer Collection. Tropical vibes, vibrant color palette (coral orange, turquoise blue, sunshine yellow, palm green). Elements: palm leaves, hibiscus flowers, ocean waves, sun icons, abstract geometric accents. Modern minimal line art mixed with soft watercolor textures. High contrast, fashion-forward, trendy Gen Z aesthetic. Square composition, centered focal frame border typical bandana layout. Detailed, print-ready, vector style, ultra high resolution, seamless repeat pattern.
",2026-03-02 17:51:25.000000
9607675a-ad3e-436f-bd21-7680c80f1250,e984f545-b306-4363-8b00-3e2a523d9f4e,đá,2026-03-05 20:47:21.000000
41dddf5a-5faf-49e5-bd57-8388ad3bd1c2,cb9e5112-b6d1-454b-a3b6-dfc861adebd8,hoạ tiết tết 2026,2026-02-23 19:11:09.000000
3c2e7213-4ca5-4c80-8615-1b293d4ea979,8703f78a-43b9-41fe-8b38-cbfcff383e67,Lá mùa thu hà nội realistic,2026-03-11 12:48:29.000000
39651359-eaec-44e8-9419-3fb191ad8b11,e3320075-9e73-41f8-a7f4-5f689b9d4516,cảnh biển dưới ánh hoàng hôn chill,2026-03-03 12:08:50.000000
8cd4bc99-7a1d-4b34-9cc5-dee112fc3742,7d1aff79-07ff-44e5-ae1e-e6f9e1b1ff59,"Thiết kế khăn bandana hình vuông với họa tiết lặp lại (seamless pattern), phong cách streetwear hiện đại. Trung tâm là họa tiết paisley truyền thống kết hợp các đường nét hình học. Màu chủ đạo đen và đỏ, điểm nhấn trắng. Thiết kế cân đối 4 góc, chi tiết sắc nét, phong cách thời trang, phù hợp in trên vải bandana.",2026-03-08 21:29:15.000000
72a9a5f6-7ffc-4ff5-af19-97aa97ebdcb9,c5f2af40-8812-495a-a853-91ee913b2cbc,chồn đáng yêu,2026-03-03 10:54:20.000000
2ee054f8-c1fd-4d6b-851f-64ad2464b43a,1cbaa0bd-cbfd-4933-b137-02f1054745e9,"họa tiết trẻ trung, phù hợp sinh viên",2026-02-27 13:01:06.000000
5fbe7cdd-4467-4d55-82df-a8a7d62b8d85,38512924-9668-4142-9f1d-4f65e060d075,hoa thiên lý và hoa hướng dương mix,2026-02-22 23:49:03.000000
451bd52d-c140-4255-9b4f-53cbebd7c76d,a8d830d3-fd02-4458-96de-27bd84b7a6d0,"đấm nhau
 đẹp",2026-03-12 07:57:00.000000
8635265e-612a-4b44-83b3-2f695707bf8f,12d86715-112b-46c8-910b-c33063332e76,"gấu bắc cực\
",2026-02-27 22:54:17.000000
22b74512-5435-4110-8b6c-226b793ff7e7,13dc102d-7a50-4eb0-a296-5e84248d96b0,Anime style girl with colorful hair realistic,2026-03-07 04:30:26.000000
7c44e801-5170-46c1-ba83-9298397ce3a6,613495f1-5fbf-4ea8-8830-583a99ec65ef,"họa tiết hip hop, đen trắng
",2026-03-10 08:04:20.000000
70296fd6-01c6-4dee-bd56-394e1c046c9f,d01d8d09-b072-4539-9a41-364ad60d09fc,tạo khăn cho bst mùa đông realistic,2026-03-11 20:34:28.000000
12a30785-bbdf-4552-adf3-1f335a72b88f,3bd38538-e72f-4142-8887-324de41a7b47,con chó,2026-03-01 22:39:19.000000
b9534c31-1e5a-44d3-b7e2-30a4e162ce30,98ddf1bc-912e-4657-8d4c-2ebe383433ac,"Thiết kế khăn bandana hình vuông với họa tiết lặp lại (seamless pattern), phong cách streetwear hiện đại. Trung tâm là họa tiết paisley truyền thống kết hợp các đường nét hình học. Màu chủ đạo đen và đỏ, điểm nhấn trắng. Thiết kế cân đối 4 góc, chi tiết sắc nét, phong cách thời trang, phù hợp in trên vải bandana. 4k",2026-03-07 14:01:32.000000
88d4edff-f70e-47aa-9924-26538ea97a2c,3917da44-1945-4dec-87a7-55aac5fa684f,Tết vào masterpiece,2026-02-21 16:55:29.000000
19ae7dcd-4b11-4b4b-a24a-62a3791d4f1b,27ccf7a4-74b0-421d-ac99-273644e13380,hoa loa kèn,2026-03-11 03:41:27.000000
14d4a00d-8ac3-4c23-9517-48cd2019beb0,a0dc5556-4c18-4678-9dab-b940d9745aba,Chó mặt xệ mặc vest đen,2026-02-25 16:57:56.000000
14754a81-fc4c-438f-86cb-13e4175bdab1,c5f2af40-8812-495a-a853-91ee913b2cbc,"boxing
 4k",2026-03-13 10:59:54.000000
b7c6597e-2677-4350-9abe-d9276f86342a,dd0cb798-ef42-4302-a6d6-cfe953f1feea,hoa văn bướm,2026-02-21 19:28:01.000000
54b4cea1-9119-4fb5-b29b-6006c1a9384f,c2bfc332-7935-4bf2-9767-c15693a21b9c,"tôi muốn một cái khăn màu xanh nước biển, hoạ tiết sóng biển, bãi cát vàng giữa hoàng hôn",2026-03-07 00:14:14.000000
7013c027-96e4-4ee0-8dea-55801d631db4,6b1311a1-7dbc-4f6e-8411-669876d3b402,Tên lửa ,2026-02-23 16:01:22.000000
80a20e2e-4009-4e21-95a9-23ea5c86d951,b95a5eab-fe7f-4be0-8561-d3cb815348bd,Lá mùa thu hà nội,2026-02-28 17:55:32.000000
c0952855-870d-435d-a7c9-3068f0b9c605,80a3dc64-e1c6-4e66-bb3c-8bd8e2ee0329,Ngôi nhà ma ám trong rừng sâu,2026-03-03 15:24:32.000000
11d58ffc-38da-4639-812a-4d61de35d3d0,b771cea2-2b1a-4a19-a0ff-375df3c2db79,"tôi muốn một cái khăn màu xanh nước biển, hoạ tiết sóng biển, bãi cát vàng ",2026-03-14 20:40:06.000000
4cec99c0-900e-440f-8d1c-5c52bda98044,8fb11f41-5dec-4495-b443-70b1192d1748,mèo và tuyết rơi cùng ông già noel,2026-02-24 17:10:56.000000
824d916a-ce95-46a9-bb7a-6ac2b0798039,8e8a63af-cf4e-4128-9a3d-3de268ad9adf,"Thiết kế khăn bandana hình vuông với họa tiết lặp lại (seamless pattern), phong cách streetwear hiện đại. Trung tâm là họa tiết paisley truyền thống kết hợp các đường nét hình học. Màu chủ đạo đen và đỏ, điểm nhấn trắng. Thiết kế cân đối 4 góc, chi tiết sắc nét, phong cách thời trang, phù hợp in trên vải bandana.",2026-03-04 03:25:22.000000
e5e33c84-c399-42e7-8b3f-3a848251ebbb,7b4ebc11-e8f4-41b0-b740-9beeb5147db0,hoa sen 4k,2026-02-27 07:38:45.000000
50095864-7471-42e6-bb43-1bca85b525bb,fe294904-57dd-4c2b-8b96-b7f60cc63046,"tôi muốn một cái khăn màu xanh nước biển, hoạ tiết sóng biển, bãi cát vàng  realistic",2026-02-22 07:14:34.000000
b1412012-b709-495b-b9d8-6c115d9bb88c,d3eb8cc1-0e60-4572-901b-5b3b38cb36ab,Tết vào,2026-02-23 12:32:32.000000
be56bfad-fe85-4877-b3dd-e2a19d59d8c1,7c8ee6e6-530f-415f-bb24-284452dd93e3,"tôi muốn một cái khăn màu xanh nước biển, hoạ tiết sóng biển, bãi cát vàng giữa hoàng hôn",2026-02-22 02:11:06.000000
3e703e39-b07a-43d9-8f44-36b0a92ffdf5,1d8e4f5b-8336-47d1-9a9b-cad584042c31,Thiết kế logo công ty công nghệ AI,2026-03-06 23:11:30.000000
f01ba754-2ce8-48c1-829a-3d0c4e4e99c9,4ee18c28-8295-49d0-a752-d57cb9c2dc58,hoa văn bướm,2026-02-24 04:26:55.000000
1f65b789-b2d2-4d9f-9d7c-3a3afe98a5f1,1d8e4f5b-8336-47d1-9a9b-cad584042c31,hoàng tử và công chúa realistic,2026-03-06 03:24:59.000000
d7252239-3982-45cc-97fe-0ca66cb900aa,3dedf8b8-c4c2-4a7e-9b06-58ca0bd4d54c,"đấm nhau
",2026-03-11 12:49:42.000000
be54defd-ec76-4eed-aa6a-db5b4653d7db,1be29191-a0c6-482b-912f-dc03a8258790,Phi hành gia đang lướt sóng trên mặt trăng masterpiece,2026-03-01 19:35:59.000000
fc4fc2ea-5945-4396-b78b-4d119edd2226,953bfbca-4988-47ae-9629-93ed4e3640d0,Tết vào,2026-03-14 04:52:44.000000
ae08c13d-5144-41d8-93b9-b71cff254d34,65bf8550-d1a5-44e7-99d3-6f48909be941,"gấu trắng

trong chúng tôi đơn giản là gấu",2026-03-01 06:31:33.000000
052469bd-4186-404e-a335-ecb6b7e7fdb8,aa38a668-4ea1-4f19-973b-19f4f898fad7,chồn đáng yêu,2026-03-07 15:14:13.000000
ef0fb9c0-b2e6-4f50-bec0-367c86924d12,3394e510-28f4-4da7-b4cc-6d182faa30e9,Lá mùa thu hà nội,2026-02-23 13:35:51.000000
dd72123f-2be0-44b3-8e85-1e565ab7c662,85be6889-ef6a-471a-a662-349752465cfe,hoa loa kèn,2026-02-24 15:03:04.000000
aaa59536-b7e4-4d90-a07c-ec77fdd08f0d,0a3a2009-3208-4aaf-bb8e-21a813b2592f,"tôi muốn một cái khăn màu xanh nước biển, hoạ tiết sóng biển, bãi cát vàng giữa hoàng hôn",2026-02-26 11:07:51.000000
05d7db63-2f68-4975-917c-479ba2c443f1,c09c5aaf-1e80-4f45-9f57-dadcb69bccf4,"hình spiderman trong noway home
",2026-03-07 05:39:16.000000
7fe659ab-8c46-4243-96a2-bbada6a92baf,7d57c761-5804-4bcf-b89a-cd04945cf82c,"gấu bắc cực
",2026-02-23 11:31:14.000000
1bbde158-53ba-41a8-ba30-d12a182b9f14,6f6536cc-eed1-4a0e-a63e-306cff79775e,Một con mèo đang bay trên bầu trời masterpiece,2026-03-09 21:38:09.000000
6249aee5-7128-40f6-9ea0-60c416c29719,fe516c3c-fb0b-4917-b28c-4cc0da88023c,Tên lửa ,2026-03-10 10:49:13.000000
c57546b6-7890-4e7c-811c-dca285c55f28,b0cd34b7-15b2-49b5-98bf-829dacd97180,"Luxury square silk scarf design, artistic ocean waves meeting golden beach sand under a glowing sunset, flowing curves inspired by sea tides, warm sunset palette (amber, coral, soft pink, lavender), delicate hand-drawn illustration, subtle watercolor and silk texture, elegant ornamental border with seashells and starfish, symmetrical composition, refined coastal aesthetic, fashion textile pattern, sophisticated bandana design, ultra detailed, high resolution",2026-03-09 08:58:04.000000
72507e33-8763-4cac-9993-abf1dcba5588,b6344ada-2db5-47be-a37e-fc0d316c4747,Realistic portrait of an old man with wrinkles,2026-03-01 12:07:44.000000
654238d8-e997-4b3b-be41-d463883b254b,8703f78a-43b9-41fe-8b38-cbfcff383e67,Watercolor painting of a blooming garden,2026-03-10 02:43:07.000000
dc0c8e4e-7c35-409e-88dd-0d0b5b21b4cd,b4e85796-def1-4607-852f-188044f19a0b,Chó mặt xệ mặc vest đen masterpiece,2026-02-24 14:20:53.000000
5133e327-3e4f-44a6-aa99-818e23aa5c56,ee9faf3f-51e0-407b-a1b1-5a1547b248f6,Thiết kế logo công ty công nghệ AI 4k,2026-03-08 12:16:58.000000
9cf1a478-4572-4adc-ba55-49558bf2ca88,87392877-1460-4418-9141-b0cbebf3e19c,"núi tuyết và rừng hoa đào cùng với cô gái đang đứng đó
",2026-03-07 14:19:14.000000
e0f42c56-b144-4f01-9129-19550509c2e0,85e8f07b-ef5d-4f06-8dbb-83d75509260a,"đấm nhau
",2026-03-01 17:57:37.000000
f3fc0c27-b032-44d3-8646-ae08f14094df,9e60e2a6-f2a7-4dfa-954c-7adddd3782f4,"đá
",2026-03-01 15:43:13.000000
4ec5a2eb-d0c5-4c71-8d98-37a29e839196,ddc23018-dd1d-48ef-8e05-bfaea41cdad5,tạo khăn cho bst mùa đông 4k,2026-03-01 05:22:06.000000
5dd00412-c985-46ab-96bb-6c626f9d881f,ce81e1a0-8473-4955-8d79-5ce47d520e06,"Thiết kế khăn bandana hình vuông với họa tiết lặp lại (seamless pattern), phong cách streetwear hiện đại. Trung tâm là họa tiết paisley truyền thống kết hợp các đường nét hình học. Màu chủ đạo đen và đỏ, điểm nhấn trắng. Thiết kế cân đối 4 góc, chi tiết sắc nét, phong cách thời trang, phù hợp in trên vải bandana.",2026-02-23 04:19:15.000000
6bfaffb6-9579-47f3-93c6-ce55b4ee23cc,2a1aaf01-bf9f-4f22-bef2-357c4f39f4bf,hoạ tiết tết 2026,2026-02-28 04:43:09.000000
67569c98-a6ac-47bc-a5ee-2c329a021005,c2bfc332-7935-4bf2-9767-c15693a21b9c,"boxing
",2026-03-04 15:50:35.000000
79a743a2-eb51-4199-817d-c6b9b55b3a0b,3dedf8b8-c4c2-4a7e-9b06-58ca0bd4d54c,"gấu trắng

trong chúng tôi đơn giản là gấu",2026-03-01 14:59:38.000000
b004ca94-633d-40c3-b391-dd00975ae886,f8c13c0e-a9ee-416f-acb5-e882aa100d6d,"tôi muốn một cái khăn màu xanh nước biển, hoạ tiết sóng biển, bãi cát vàng giữa hoàng hôn",2026-02-22 15:01:33.000000
78e0cff1-7b41-4e50-8f59-91ca9504093e,22e5466b-4176-4257-99c3-e8bddb7117ac,chồn đáng yêu,2026-02-24 13:14:04.000000
73453cbb-d15b-4ad8-89a0-637c8a4e6812,79068a7f-a698-4001-99aa-cfaf395ff36c,"Design a seamless bandana pattern for a Summer Collection. Tropical vibes, vibrant color palette (coral orange, turquoise blue, sunshine yellow, palm green). Elements: palm leaves, hibiscus flowers, ocean waves, sun icons, abstract geometric accents. Modern minimal line art mixed with soft watercolor textures. High contrast, fashion-forward, trendy Gen Z aesthetic. Square composition, centered focal frame border typical bandana layout. Detailed, print-ready, vector style, ultra high resolution, seamless repeat pattern.
 sáng tạo",2026-02-26 23:52:26.000000
af50bec9-fbf4-4294-b74c-9536f91d2392,650e89e8-972b-4675-97a8-773ff9096417,"hoạ tiết sen vàng tuyền thống cho 8/3
",2026-03-06 16:05:38.000000
d938d37c-34ea-4d9d-9d24-0ccc17171907,9465c651-69ea-4eea-a4cd-bd3d00d40dd9,"Dân chơi ở dưới mưa cầm điếu cày và miệng nhả khói giữa chốn đô thị
",2026-03-06 00:27:22.000000
c77679a6-c7e7-42d1-8f12-d96e23845eea,2e1eedd0-97ce-4374-8acb-aa10f996b7ba,"con vịt giữa bãi biển và bờ cát vàng cùng với mặt trời hoàng hôn
",2026-02-22 15:27:50.000000
620323f0-84af-4969-98c3-0384fd6a1aa3,3dedf8b8-c4c2-4a7e-9b06-58ca0bd4d54c,cảnh biển dưới ánh hoàng hôn chill,2026-02-21 11:42:49.000000
afab1871-3d97-4283-ada7-5d381455edd0,84babc1b-d1f3-4b3a-930a-3634751a076c,"Trứng vịt ở giữa đồng cỏ
 realistic",2026-02-20 18:11:16.000000
549d0731-7e91-41c4-b1d7-67a306a6ee3c,d01d8d09-b072-4539-9a41-364ad60d09fc,hoạ tiết tết 2026,2026-03-01 19:15:04.000000
e99fa4e7-bbc1-45da-b9c0-095392fcbd05,a647ba02-ed81-4401-acbd-4df62ec98e7a,Phi hành gia đang lướt sóng trên mặt trăng,2026-02-21 17:01:51.000000
5a6d2be6-cc6a-47fa-acb0-da4a9ebf040d,717db389-d963-4018-b272-99670267fb7a,Ngôi nhà ma ám trong rừng sâu,2026-02-23 17:46:39.000000
2c0c1a6c-0687-48ab-a047-49049f957a98,a639249a-9c80-47d1-bfef-81abc6a363de,"đá
",2026-03-06 09:21:48.000000
07e38381-cc1f-4ba2-bdfb-696775fc2729,c2307cce-c228-48b1-a244-29665616ed0c,Tết vào,2026-02-25 07:03:11.000000
2aaa8e06-4e4f-49b8-a480-1830537ab033,d01d8d09-b072-4539-9a41-364ad60d09fc,"họa tiết phù hợp sinh viên
 đẹp",2026-03-03 15:07:12.000000
268e0207-e3a7-4357-b222-eeff634fde89,c2307cce-c228-48b1-a244-29665616ed0c,Realistic portrait of an old man with wrinkles hoạt hình,2026-02-20 09:37:48.000000
289404db-0b16-4dce-bf3c-0c44c58b2c93,2e1eedd0-97ce-4374-8acb-aa10f996b7ba,Realistic portrait of an old man with wrinkles sáng tạo,2026-02-28 09:41:15.000000
32b71a57-dd6d-4308-8511-62b6e3925442,26fac450-7791-4c40-bf21-805e11243bc6,hoạ tiết tết 2026,2026-03-05 09:30:50.000000
1c03159b-ecc5-4bf7-a9d3-4b888c21e13e,b771cea2-2b1a-4a19-a0ff-375df3c2db79,"hoạ tiết sen vàng tuyền thống cho 8/3
",2026-02-23 22:13:52.000000
db0d1de6-d37d-47da-9bc9-aee183bda1b6,47cb13c6-ea2f-4e3a-96bf-cc320eae0632,boxing masterpiece,2026-03-13 10:55:59.000000
59c280df-59f9-41f2-8d80-d90bef152222,80b2f4a2-c8b0-4c59-94f3-33f1c2ef2354,Lá mùa thu hà nội,2026-03-11 02:02:51.000000
56dbb4c4-487c-4805-b26f-a609029ade0e,0d33e51d-8ba0-4065-b089-65dd9846b88c,Phi hành gia đang lướt sóng trên mặt trăng,2026-03-01 07:02:03.000000
742d4596-9f50-4131-b4c6-42ea8d4b9cdc,37457121-7708-40ed-bb3a-9030a747bef8,hoa loa kèn,2026-03-10 13:57:44.000000
8510b0d8-9abd-4aab-9fb9-8048f80abffb,ddc23018-dd1d-48ef-8e05-bfaea41cdad5,"Trứng vịt ở giữa đồng cỏ
",2026-02-28 15:48:24.000000
3de0b0b8-d21a-4b0e-9dcb-a37f09b8614f,22e5466b-4176-4257-99c3-e8bddb7117ac,chồn đáng yêu,2026-02-24 18:25:25.000000
80b330d8-f067-4a09-9f3e-d2a8c7d82da1,3917da44-1945-4dec-87a7-55aac5fa684f,Yêu em đẹp,2026-03-05 19:25:45.000000
ed9246e9-5936-4fa6-95c0-28197a3531e2,10288960-6cae-492c-98cf-af409204cde3,gấu,2026-02-21 00:44:20.000000
a579b7b9-42db-48d3-a722-ea6ec31b57f2,3917da44-1945-4dec-87a7-55aac5fa684f,Tên lửa  đẹp,2026-03-03 16:37:31.000000
a06f0de4-a97f-4cfc-a6ab-77354eb450ae,30225e0c-b458-4a46-b5ab-6fa790610cbd,"đá
",2026-03-10 23:10:44.000000
36f11e59-ef8b-4b3b-9ce7-6536c990f2d8,5cc6c166-5e52-4cbc-a110-eb0e5be2f9e3,con gà,2026-03-12 21:53:12.000000
66bdd3cd-a89a-49bf-ae35-b9fdddcacb66,408ecfab-2a6b-4656-8844-aba91c449f8b,"gấu bắc cực
 masterpiece",2026-02-23 22:25:54.000000
1394adad-258f-44b9-8b34-e7453554d2f3,3805645a-a302-4866-af32-eab23db16d60,Một con mèo đang bay trên bầu trời,2026-03-10 10:36:26.000000
12a77b4a-3f80-48d0-b4da-623f16e8fc32,953bfbca-4988-47ae-9629-93ed4e3640d0,hoạ tiết tết 2026,2026-03-09 11:30:49.000000
0c0ba90e-c342-4086-821f-8e5cec4c7c13,0a3a2009-3208-4aaf-bb8e-21a813b2592f,mèo và tuyết rơi cùng ông già noel,2026-03-11 12:31:36.000000
dbff3687-082a-4a01-bd66-c59ab060b5ef,13dc102d-7a50-4eb0-a296-5e84248d96b0,con gà,2026-03-06 07:31:59.000000
140922f3-f0cb-4cab-9be1-45e907c1579f,9f5e80a4-5fcd-48f7-818d-76a66582b37c,Yêu em 4k,2026-03-01 15:19:48.000000
329e323a-01cc-4aa7-8f72-920cf120e339,d250643e-1cc0-4ae4-991c-dd63b70f7570,"boxing
",2026-03-08 07:39:02.000000
133b782a-2e09-4ac2-912e-762365036c0f,a868e0c6-444b-4ae3-8bf2-344b3a0fea22,Bức tranh phong cảnh núi rừng mùa thu,2026-02-27 22:28:44.000000
79697870-6c86-477c-bc27-15b4174152bf,46a34f7b-0f24-49fd-9b9a-c70f6eb5a56e,Bức tranh phong cảnh núi rừng mùa thu,2026-03-13 09:45:40.000000
8e55c226-37ce-44c2-84d3-f277f2d05467,e8f708ac-db65-4c98-855a-c6666f54f08c,"tôi muốn một cái khăn màu xanh nước biển, hoạ tiết sóng biển, bãi cát vàng giữa hoàng hôn",2026-03-02 15:42:14.000000
eb38234c-deb8-4c25-a507-f8f30899d789,ea1f6e2e-0112-4d05-9ad4-141190ca59e3,Một con mèo đang bay trên bầu trời 4k,2026-02-20 04:19:15.000000
d48899de-d94b-4973-af9b-a1f0b04e9a19,9ab7c8a2-7d4c-4c3f-aa0a-455be10c6452,"Thiết kế khăn bandana hình vuông với họa tiết lặp lại (seamless pattern), phong cách streetwear hiện đại. Trung tâm là họa tiết paisley truyền thống kết hợp các đường nét hình học. Màu chủ đạo đen và đỏ, điểm nhấn trắng. Thiết kế cân đối 4 góc, chi tiết sắc nét, phong cách thời trang, phù hợp in trên vải bandana.",2026-02-27 10:42:52.000000
954dc21e-d95c-4a66-a4f4-ce7be4af5cf6,3429026e-769c-4809-9486-ab116b85227b,con chó,2026-03-01 11:55:58.000000
36533262-d3cf-48f7-8bc0-c32dd7017964,0a46a46c-17ca-4f25-b89c-4b1d1f48b3a6,"Thiết kế khăn bandana hình vuông với họa tiết hai con gấu dễ thương ở trung tâm, phong cách hoạt hình, màu sắc tươi sáng, bố cục đối xứng, pattern lặp lại ở các góc, thiết kế phù hợp in trên vải bandana.",2026-03-05 23:30:38.000000
5a634d39-99dd-4965-a119-e393ff923e11,4eb5293b-e1e5-4dfd-be19-9f9d39046b95,hoạ tiết tết 2026,2026-03-13 13:25:29.000000
0b299265-504a-4deb-a704-f2388ce2faaa,a8d830d3-fd02-4458-96de-27bd84b7a6d0,boxing đẹp,2026-03-14 14:15:59.000000
a4f515cb-e573-4de1-95b0-8bdbacd3a7af,f274cd87-a366-49a7-a960-3e7adc0024d0,"gấu trắng

trong chúng tôi đơn giản là gấu",2026-02-24 17:43:41.000000
20aced01-b2ee-4f1a-aa6e-6b92fd6fe556,6499c168-1856-449c-a4d9-3f36d25cbcf6,"boxing
",2026-03-14 09:22:34.000000
dfba3783-734f-427c-ac75-f468b6f0475b,cd773ad9-fa08-48e9-9979-74518210b603,hoa loa kèn,2026-03-07 20:35:24.000000
5cfee5c2-7a9d-4a92-9e64-04e2ee054e68,faf5100a-09cb-463f-a737-08b370e119c2,"gấu bắc cực\
",2026-03-10 07:31:14.000000
54017b9d-5a28-4bcc-94e0-70459256b923,47cb13c6-ea2f-4e3a-96bf-cc320eae0632,"Luxury square silk scarf design, artistic ocean waves meeting golden beach sand under a glowing sunset, flowing curves inspired by sea tides, warm sunset palette (amber, coral, soft pink, lavender), delicate hand-drawn illustration, subtle watercolor and silk texture, elegant ornamental border with seashells and starfish, symmetrical composition, refined coastal aesthetic, fashion textile pattern, sophisticated bandana design, ultra detailed, high resolution realistic",2026-02-20 05:40:17.000000
9d7adc35-9d37-4cd6-bc07-52a323a632ce,fd9aaef0-7953-4b61-a687-c6b304972eb9,một chút gấu và tuyết rơi cùng ông già noel,2026-02-20 14:25:04.000000
1b32d22b-e81a-45e9-86a5-8a91834df4f9,d2479cbc-861a-4814-ad83-e40fa1474044,"3 thằng spiderman trong noway home
",2026-03-01 03:43:49.000000
f1765915-ca6b-4da6-bd16-ef488e203eda,57ccaedd-06f4-418f-8b28-42d65bfb9689,Một con mèo đang bay trên bầu trời,2026-03-02 11:28:36.000000
7f27ec6f-83b0-4d73-a025-d7dcca32fea4,f66c55dd-31c9-4733-b2b0-5cd2cbd5b557,con chó,2026-02-24 09:41:00.000000
f72baaeb-2f39-4f08-a82a-dee6734b7571,b85e4720-ee82-432b-8945-90457073555f,Một con mèo đang bay trên bầu trời,2026-03-11 09:42:56.000000
fcf6d59f-a364-4b95-934d-968d3316112b,e984f545-b306-4363-8b00-3e2a523d9f4e,Thiết kế logo công ty công nghệ AI hoạt hình,2026-03-11 04:42:50.000000
c9d37605-1a7b-4d6e-83a9-2a7ee560434a,75eaac9a-8a64-4ed1-889c-aabedb366cb4,hoa văn sen 4k,2026-02-22 00:25:04.000000
3678654b-1eec-4a60-86ce-0bf6e4ad3e70,f7134c2f-54b9-400f-b8f9-cb73685554c3,Anime style girl with colorful hair,2026-03-01 15:06:58.000000
e7658501-ec51-4fab-ae66-31194a39d2e1,cb9e5112-b6d1-454b-a3b6-dfc861adebd8,Một con mèo đang bay trên bầu trời,2026-03-01 20:07:49.000000
5e655e18-b0e7-4f2c-9c44-ffc77520a873,61b9227c-9c0c-4665-b6c0-32a450ca6c40,"rocket
",2026-02-21 15:48:24.000000
e8d9c0ce-b5f7-4d04-8bbb-d8987185cd45,f1001887-0380-402f-8bb4-ef6e5184a812,cảnh biển dưới ánh hoàng hôn chill,2026-03-07 12:21:56.000000
78a1607d-6c46-46c6-83de-ae3517a89ee6,27ccf7a4-74b0-421d-ac99-273644e13380,"Thiết kế khăn bandana hình vuông với họa tiết lặp lại (seamless pattern), phong cách streetwear hiện đại. Trung tâm là họa tiết paisley truyền thống kết hợp các đường nét hình học. Màu chủ đạo đen và đỏ, điểm nhấn trắng. Thiết kế cân đối 4 góc, chi tiết sắc nét, phong cách thời trang, phù hợp in trên vải bandana.",2026-02-23 00:07:54.000000
040ec200-b786-40d6-8cad-5a4fb2a62f0d,ee9faf3f-51e0-407b-a1b1-5a1547b248f6,Ngôi nhà ma ám trong rừng sâu masterpiece,2026-02-25 04:36:47.000000
56037ee9-48ca-4e3b-be83-d6b94ddc5849,c2e9a33c-c043-4b79-bc09-c9371dad54f5,Tên lửa  đẹp,2026-03-12 14:27:25.000000
51e8dbe1-0518-416c-b69d-a74ab1394ef0,eb45a3f2-7480-4a1f-8e14-290715e2da12,con chó,2026-03-13 22:06:56.000000
fee12ff7-7eef-4e0e-a556-13a467952516,dd0cb798-ef42-4302-a6d6-cfe953f1feea,tết,2026-02-26 21:54:56.000000
9cb51c76-13e3-45c6-8a69-ae8382ac3199,7d09392c-fdea-46d9-b00f-661ebe886d5f,một chút gấu và tuyết rơi cùng ông già noel,2026-03-12 17:41:27.000000
9cd8e3d5-048a-4956-a69b-57996444045b,0d33e51d-8ba0-4065-b089-65dd9846b88c,"núi tuyết và rừng hoa đào cùng với cô gái đang đứng đó
",2026-02-21 07:11:28.000000
adc4d4d2-dd39-450d-b62d-94f63813a1fb,c2307cce-c228-48b1-a244-29665616ed0c,"Tết 2026
",2026-03-02 19:43:38.000000
629c983d-8b5e-4d00-a064-99f38c3a5753,59b09df9-c0f5-42bf-92cb-9379fc5b201e,"tôi muốn một cái khăn màu xanh nước biển, hoạ tiết sóng biển, bãi cát vàng giữa hoàng hôn sáng tạo",2026-03-09 03:57:54.000000
a26769b8-fe05-4999-995b-27af005f887a,0a3a2009-3208-4aaf-bb8e-21a813b2592f,"gấu bắc cực
",2026-03-12 22:39:50.000000
08fed404-a563-4b99-9f39-5e7b6c3375f1,789411af-c27a-4633-93d5-9e0bc17d0f18,"đá
",2026-02-20 09:26:13.000000
0bbf88c0-95c6-49f3-806d-16214ed85558,bc7c8dd7-afba-422d-8461-f70df34d3833,"đá
",2026-03-08 06:42:49.000000
ea31b12e-6a5e-49de-a751-a98ccf46a3d0,16aa5364-1316-42c0-bfe3-17c9de36cdb1,hoa văn biển mùa hè,2026-03-07 12:07:11.000000
c9bd7fc9-31ef-4311-9891-c453d4557385,c2307cce-c228-48b1-a244-29665616ed0c,"đá
 4k",2026-03-12 13:38:52.000000
2bcae85d-e4fd-4194-a3a3-597e68793ca4,2e1eedd0-97ce-4374-8acb-aa10f996b7ba,"đá
",2026-03-02 20:11:58.000000
90d150a5-e74d-4bff-9066-82b24bbd13ad,f7134c2f-54b9-400f-b8f9-cb73685554c3,Bức tranh phong cảnh núi rừng mùa thu realistic,2026-03-11 17:10:21.000000
63463882-a2f6-41c4-aaff-7c79f335e22d,95330afe-d136-48ef-85e9-7384a1d6a779,Thiết kế logo công ty công nghệ AI,2026-02-26 16:07:03.000000
b1220d7f-6476-4de5-bfdb-d1aebf433ac6,e84ba220-3b02-49e6-84a4-6bb9e8a6833c,Anime style girl with colorful hair,2026-03-13 03:34:08.000000
5bca062c-35dd-4b89-a052-a94535d11315,5cc6c166-5e52-4cbc-a110-eb0e5be2f9e3,đá,2026-03-06 08:33:42.000000
e3cd9bab-120a-4177-a1df-603fffeb95c8,3429026e-769c-4809-9486-ab116b85227b,"Luxury square silk scarf design, artistic ocean waves meeting golden beach sand under a glowing sunset, flowing curves inspired by sea tides, warm sunset palette (amber, coral, soft pink, lavender), delicate hand-drawn illustration, subtle watercolor and silk texture, elegant ornamental border with seashells and starfish, symmetrical composition, refined coastal aesthetic, fashion textile pattern, sophisticated bandana design, ultra detailed, high resolution sáng tạo",2026-03-10 15:58:33.000000
04976f31-fe65-4ece-ba0e-47cb151d03cd,13dc102d-7a50-4eb0-a296-5e84248d96b0,"Thiết kế khăn bandana hình vuông với họa tiết hai con gấu dễ thương ở trung tâm, phong cách hoạt hình, màu sắc tươi sáng, bố cục đối xứng, pattern lặp lại ở các góc, thiết kế phù hợp in trên vải bandana.",2026-03-12 23:44:02.000000
ca1b8be8-c179-4bef-af14-20395c684162,b4e85796-def1-4607-852f-188044f19a0b,"tôi muốn một cái khăn màu xanh nước biển, hoạ tiết sóng biển, bãi cát vàng giữa hoàng hôn",2026-02-20 13:59:10.000000
e77895dd-1fd8-4ac8-890e-fcd48bd17b54,38512924-9668-4142-9f1d-4f65e060d075,"Trứng vịt ở giữa đồng cỏ
 4k",2026-03-03 08:23:35.000000
d7111ddd-5cb7-4630-afb8-7ee004570a5b,abc8e660-df7a-424a-8fde-9653ff0f089e,con chó cao bằng bộ pc,2026-03-02 22:18:15.000000
13940466-b70d-4067-bd77-771af57c055d,ec717e8c-e31b-4176-a103-e838623aad05,"con vịt giữa bãi biển và bờ cát vàng cùng với mặt trời hoàng hôn
",2026-02-22 17:07:27.000000
75970cd9-7508-4ed4-9f72-1430c211e8d6,b6344ada-2db5-47be-a37e-fc0d316c4747,"tôi muốn một cái khăn màu xanh nước biển, hoạ tiết sóng biển, bãi cát vàng ",2026-02-23 00:57:13.000000
efa49ab5-0d2e-426b-a75b-e4e38be2b823,88c7c0ae-6e9a-4492-b402-6202cea92e2e,"họa tiết trẻ trung, phù hợp sinh viên",2026-02-25 10:28:12.000000
6b71f231-a000-4638-9ea9-2eff881c26d7,276e4416-0ff1-4ed6-8a04-ee1de5a150ca,"hoạ tiết sen vàng tuyền thống cho 8/3
",2026-03-04 15:36:52.000000
2cbe536b-ab1a-49be-9f61-d51681537728,613495f1-5fbf-4ea8-8830-583a99ec65ef,"Tết 2026
 realistic",2026-02-27 19:00:16.000000
bc5591b3-6ceb-425b-bced-d10d92b04e8e,d250643e-1cc0-4ae4-991c-dd63b70f7570,tết masterpiece,2026-02-26 16:09:29.000000
731d24fb-55d5-45c9-b3b2-9b33c50b1ee2,0e449645-d8fb-46e3-b0a2-d0aba66b6d5f,hoa thiên lý và hoa hướng dương mix,2026-03-10 10:30:55.000000
ca7161f7-81ed-4294-8c9b-368fe34fadd9,ccf62a1d-9100-442c-8d24-23a68a006052,Dragon sáng tạo,2026-02-28 07:16:14.000000
0ad71d57-f292-4551-8f73-487f12aedf93,9d740ce8-a4ad-42fd-804e-52b2f8300fdb,Lá mùa thu hà nội masterpiece,2026-03-07 07:30:23.000000
